event_id,date,location,lat,lon,deaths,flood_cause,rain_day_minus_0,rain_day_minus_1,rain_day_minus_2,rain_day_minus_3,rain_day_minus_4,rain_day_minus_5,rain_day_minus_6,elevation_m,slope_deg,soil_compname,soil_muname,is_karst
574472,05/20/2015,SAN JUAN CO.,18.3988,-66.0833,0,Heavy Rain,29.85,0.0,1.8,1.695,0.295,0.0,0.0,15,0.26,Urban land,Urban land,1
576170,05/20/2015,SAN JUAN CO.,18.3786,-66.0533,0,Heavy Rain,29.85,0.0,1.8,1.695,0.295,0.0,0.0,27,2.58,Urban land,"Urban land-Vega Alta complex, 2 to 12 percent slopes",1
576021,05/20/2015,SAN JUAN CO.,18.3993,-66.0911,0,Heavy Rain,29.85,0.0,1.8,1.695,0.295,0.0,0.0,34,2.79,Urban land,Urban land,1
575333,05/20/2015,SAN JUAN CO.,18.3955,-66.0696,0,Heavy Rain,29.85,0.0,1.8,1.695,0.295,0.0,0.0,13,0.93,Urban land,Urban land,1
599784,08/22/2015,SAN SEBASTIAN CO.,18.3314,-66.9989,0,Heavy Rain,8.875,15.165,0.0,0.0,6.1,9.445,65.715,66,2.38,Urban land,Urban land,1
599783,08/22/2015,SAN SEBASTIAN CO.,18.3314,-66.9888,0,Heavy Rain,8.875,15.165,0.0,0.0,6.1,9.445,65.715,65,1.39,Toa,"Toa silty clay loam, 0 to 2 percent slopes, occasionally flooded",1
599782,08/22/2015,SAN SEBASTIAN CO.,18.3372,-67.0001,0,Heavy Rain,13.53,10.395,0.0,0.0,2.68,11.015,69.63,64,0.52,Lares,"Lares clay, 0 to 5 percent slopes, eroded",1
602949,09/21/2015,VEGA BAJA CO.,18.3251,-66.3598,0,Heavy Rain,3.105,13.715,0.0,0.0,16.33,8.18,11.17,223,2.38,Corozal,"Corozal clay, 5 to 12 percent slopes",1
603063,09/22/2015,SAN SEBASTIAN CO.,18.3376,-67.0011,0,Heavy Rain,32.63,6.24,0.205,6.78,5.595,9.74,15.195,56,1.88,Santoni,Santoni clay,1
603064,09/22/2015,MOCA CO.,18.3922,-67.1052,0,Heavy Rain,2.9,10.5,4.49,33.56,2.775,11.285,16.575,54,1.65,Plata,"Plata clay, 20 to 40 percent slopes, eroded",1
603067,09/23/2015,SAN SEBASTIAN CO.,18.3703,-66.9252,0,Heavy Rain,9.73,77.395,2.825,2.08,3.19,8.78,22.6,221,2.08,Mabi,"Mabi clay, 5 to 12 percent slopes",1
605551,10/24/2015,CAGUAS CO.,18.2553,-66.0378,0,Heavy Rain,17.235,49.375,0.645,0.0,0.0,1.26,0.0,60,0.26,Urban land,"Urban land-Vega Alta complex, 2 to 12 percent slopes",1
605680,10/24/2015,SAN LORENZO CO.,18.1872,-65.9635,0,Heavy Rain,23.045,10.565,0.0,0.0,0.0,0.65,0.0,105,3.58,Urban land,"Urban land-Mucara complex, 12 to 40 percent slopes",1
605549,10/24/2015,CAGUAS CO.,18.2392,-66.0452,0,Heavy Rain,17.235,49.375,0.645,0.0,0.0,1.26,0.0,69,0.36,Rio Arriba,"Rio Arriba clay, 2 to 5 percent slopes",1
605554,10/24/2015,CAGUAS CO.,18.2514,-66.0381,0,Heavy Rain,17.235,49.375,0.645,0.0,0.0,1.26,0.0,62,0.36,Urban land,"Urban land-Vega Alta complex, 2 to 12 percent slopes",1
605553,10/24/2015,CAGUAS CO.,18.2374,-66.0562,0,Heavy Rain,17.235,49.375,0.645,0.0,0.0,1.26,0.0,81,1.29,Rio Arriba,"Rio Arriba clay, 2 to 5 percent slopes",1
605552,10/24/2015,CAGUAS CO.,18.2805,-66.046,0,Heavy Rain,17.235,49.375,0.645,0.0,0.0,1.26,0.0,66,2.58,Urban land,"Urban land-Mucara complex, 12 to 40 percent slopes",1
605550,10/24/2015,CAGUAS CO.,18.3296,-66.0936,0,Heavy Rain,65.745,17.525,0.655,0.0,0.0,2.5,0.0,94,3.81,Sabana,"Sabana silty clay loam, 40 to 60 percent slopes",1
605716,10/24/2015,AIBONITO CO.,18.12,-66.25,0,Heavy Rain,21.955,27.36,1.405,0.0,0.0,3.205,11.51,685,11.47,Maricao,"Maricao clay, 20 to 60 percent slopes",1
605718,10/24/2015,AIBONITO CO.,18.1413,-66.2547,0,Heavy Rain,21.955,27.36,1.405,0.0,0.0,3.205,11.51,609,1.39,Urban land,"Urban land-Mucara complex, 12 to 40 percent slopes",1
605719,10/24/2015,COMERIO CO.,18.2363,-66.2137,0,Heavy Rain,29.985,17.845,1.425,0.0,0.685,4.45,1.475,187,7.21,Water,Water,1
605721,10/25/2015,SAN LORENZO CO.,18.15,-65.97,0,Heavy Rain,44.75,23.045,10.565,0.0,0.0,0.0,0.65,221,6.85,Pandura,"Pandura sandy loam, 20 to 40 percent slopes",1
605723,10/25/2015,LAS PIEDRAS CO.,18.1888,-65.8773,0,Heavy Rain,36.925,18.845,5.38,0.0,0.0,0.0,0.18,123,2.94,Cayagua,"Cayagua sandy loam, 5 to 12 percent slopes, eroded",1
605725,10/25/2015,JUNCOS CO.,18.2262,-65.916,0,Heavy Rain,36.115,19.51,71.2,0.0,0.0,0.0,3.83,69,0.26,Urban land,Urban land,1
605731,10/25/2015,CAGUAS CO.,18.2,-66.03,0,Heavy Rain,56.6,17.235,49.375,0.645,0.0,0.0,1.26,161,17.05,Caguabo,"Caguabo clay loam, 40 to 60 percent slopes",1
609484,11/28/2015,NAGUABO CO.,18.2202,-65.7927,0,Heavy Rain,16.28,0.0,7.4,6.865,1.105,1.655,0.48,29,9.17,Pandura,"Pandura loam, 12 to 40 percent slopes",0
609898,12/13/2015,MOCA CO.,18.3677,-67.0961,0,Heavy Rain,3.365,0.0,0.15,0.0,0.49,0.47,1.585,117,8.87,Plata,"Plata clay, 40 to 60 percent slopes, eroded",1
631856,04/23/2016,SAN JUAN CO.,18.4404,-66.052,0,Heavy Rain,36.61,3.175,0.0,0.145,2.935,12.995,0.0,23,2.45,Urban land,Urban land,1
631861,04/23/2016,SAN JUAN CO.,18.4247,-66.0429,0,Heavy Rain,36.61,3.175,0.0,0.145,2.935,12.995,0.0,3,0.52,Urban land,Urban land,1
632052,04/23/2016,LUQUILLO CO.,18.3802,-65.7179,0,Heavy Rain,31.59,12.47,1.525,2.105,1.59,12.25,0.0,7,1.81,Urban land,"Urban land-Catano complex, 0 to 2 percent slopes",0
631867,04/23/2016,FAJARDO CO.,18.3428,-65.6592,0,Heavy Rain,55.075,5.01,1.305,0.08,0.68,10.565,0.375,15,1.32,Leveled clayey land,Leveled clayey land,0
632053,04/23/2016,LUQUILLO CO.,18.337,-65.7252,0,Heavy Rain,31.59,12.47,1.525,2.105,1.59,12.25,0.0,112,11.99,Humatas,"Humatas-Stony land complex, 40 to 60 percent slopes",0
631863,04/23/2016,LUQUILLO CO.,18.3218,-65.7197,0,Heavy Rain,31.59,12.47,1.525,2.105,1.59,12.25,0.0,232,4.81,Humatas,"Humatas-Zarzal complex, 5 to 40 percent slopes",0
631865,04/23/2016,FAJARDO CO.,18.346,-65.6389,0,Heavy Rain,55.075,5.01,1.305,0.08,0.68,10.565,0.375,12,5.94,Descalabrado,"Descalabrado clay loam, 20 to 40 percent slopes, eroded",0
631864,04/23/2016,LUQUILLO CO.,18.35,-65.72,0,Heavy Rain,31.59,12.47,1.525,2.105,1.59,12.25,0.0,29,0.58,Rio Arriba,"Rio Arriba clay, 5 to 12 percent slopes, eroded",0
632054,04/25/2016,CANOVANAS CO.,18.33,-65.88,0,Heavy Rain,13.81,0.88,55.89,4.185,0.69,0.415,1.14,117,5.28,Humatas,"Humatas-Stony land complex, 40 to 60 percent slopes",1
632057,04/25/2016,CAGUAS CO.,18.2365,-66.0245,0,Heavy Rain,45.755,0.0,1.66,1.57,0.27,0.13,1.025,64,0.26,Urban land,"Urban land-Vega Alta complex, 2 to 12 percent slopes",1
632056,04/25/2016,CAGUAS CO.,18.2389,-66.0127,0,Heavy Rain,45.755,0.0,1.66,1.57,0.27,0.13,1.025,59,0.52,Urban land,"Urban land-Vega Alta complex, 2 to 12 percent slopes",1
632073,04/25/2016,CAGUAS CO.,18.2361,-66.0219,0,Heavy Rain,45.755,0.0,1.66,1.57,0.27,0.13,1.025,62,0.36,Urban land,"Urban land-Vega Alta complex, 2 to 12 percent slopes",1
632070,04/25/2016,CAGUAS CO.,18.2307,-66.0321,0,Heavy Rain,45.755,0.0,1.66,1.57,0.27,0.13,1.025,75,1.73,Urban land,"Urban land-Vega Alta complex, 2 to 12 percent slopes",1
632364,04/25/2016,PENUELAS CO.,18.0881,-66.6958,0,Heavy Rain,78.765,0.0,2.135,1.315,0.0,0.175,0.465,225,7.39,Caguabo,"Caguabo gravelly clay loam, 20 to 60 percent slopes",1
632367,04/25/2016,SABANA GRANDE CO.,18.0318,-66.8988,0,Heavy Rain,42.77,0.0,2.28,0.99,0.365,0.255,1.435,61,1.29,Fraternidad,"Fraternidad clay, 2 to 5 perecent slopes",1
632773,04/26/2016,AGUADILLA CO.,18.4795,-67.1532,0,Heavy Rain,81.885,15.895,0.78,20.75,2.65,0.675,0.145,76,2.08,Urban land,Urban land,1
632819,04/26/2016,AGUADILLA CO.,18.4699,-67.125,0,Heavy Rain,81.885,15.895,0.78,20.75,2.65,0.675,0.145,90,3.1,Coto,"Coto clay, 2 to 5 percent slopes",1
632822,04/27/2016,LUQUILLO CO.,18.3277,-65.7483,0,Heavy Rain,53.135,5.055,4.725,1.075,31.59,12.47,1.525,141,18.91,Naranjito,"Naranjito silty clay loam, 40 to 60 percent slopes",0
632823,04/27/2016,NAGUABO CO.,18.2185,-65.7821,0,Heavy Rain,25.695,3.09,21.565,0.38,35.855,13.51,2.485,11,0.82,Toa,"Toa silty clay loam, 0 to 2 percent slopes, occasionally flooded",0
633046,04/29/2016,FAJARDO CO.,18.3394,-65.6688,0,Heavy Rain,24.345,6.88,29.58,1.57,3.54,0.685,55.075,25,1.32,Fajardo,"Fajardo clay, 2 to 10 percent slopes, eroded",0
633052,04/29/2016,FAJARDO CO.,18.32,-65.65,0,Heavy Rain,24.345,6.88,29.58,1.57,3.54,0.685,55.075,7,3.09,Toa,"Toa silty clay loam, 0 to 2 percent slopes, occasionally flooded",0
633053,04/29/2016,LUQUILLO CO.,18.35,-65.72,0,Heavy Rain,13.71,12.145,53.135,5.055,4.725,1.075,31.59,29,0.58,Rio Arriba,"Rio Arriba clay, 5 to 12 percent slopes, eroded",0
640321,05/30/2016,NAGUABO CO.,18.22,-65.73,0,Heavy Rain,46.77,30.88,8.845,3.995,0.025,1.52,0.0,29,1.39,Cobbly alluvial land,Cobbly alluvial land,0
658835,08/05/2016,CIDRA CO.,18.193,-66.2015,0,Heavy Rain,13.875,0.635,0.0,0.0,14.215,79.1,0.0,324,11.44,Mucara,"Mucara clay, 20 to 40 percent slopes",1
658831,08/26/2016,PONCE CO.,17.9965,-66.6338,0,Heavy Rain,97.775,14.72,1.53,0.345,0.0,0.915,0.0,12,0.82,Urban land,Urban land,1
658237,08/26/2016,PONCE CO.,18.0061,-66.6267,0,Heavy Rain,95.11,25.155,4.285,0.775,0.0,0.87,0.0,11,1.29,Urban land,Urban land,1
661451,09/20/2016,UTUADO CO.,18.2716,-66.7008,0,Heavy Rain,10.785,8.295,1.61,17.385,0.365,3.955,8.25,161,4.75,Lirios,"Lirios clay loam, 40 to 60 percent slopes",1
661455,09/20/2016,SAN SEBASTIAN CO.,18.3295,-66.9869,0,Heavy Rain,7.195,8.665,2.75,3.365,0.25,0.175,0.29,68,0.73,Lares,"Lares clay, 5 to 20 percent slopes, eroded",1
661460,09/20/2016,SAN SEBASTIAN CO.,18.3118,-67.0078,0,Heavy Rain,9.075,6.245,3.04,2.395,0.21,2.115,0.005,113,0.82,Humatas,"Humatas clay, 12 to 20 percent slopes",1
663756,10/10/2016,TRUJILLO ALTO CO.,18.3363,-66.0097,0,Heavy Rain,0.295,6.365,2.96,1.765,1.66,15.3,11.345,30,3.66,Mucara,"Mucara clay, 20 to 40 percent slopes",1
663761,10/18/2016,CABO ROJO CO.,18.03,-67.13,0,Heavy Rain,73.385,1.93,0.21,0.775,5.785,0.685,14.715,24,2.08,Urban land,Urban land,0
663762,10/18/2016,MAYAGUEZ CO.,18.1819,-67.1694,0,Heavy Rain,57.655,0.205,0.0,0.605,4.38,2.605,13.8,5,2.08,Leveled sandy land,Leveled sandy land,1
664147,10/18/2016,SALINAS CO.,17.971,-66.2177,0,Heavy Rain,56.335,0.0,2.525,1.025,1.29,0.0,17.565,4,0.73,Paso Seco,"Paso Seco clay, 0 to 5 percent slopes",0
664002,10/29/2016,MAYAGUEZ CO.,18.2383,-67.1612,0,Heavy Rain,19.55,5.505,0.0,0.13,5.485,6.045,0.0,21,4.73,Lares,"Lares clay, 0 to 5 percent slopes, eroded",1
664004,10/29/2016,SAN SEBASTIAN CO.,18.346,-67.0033,0,Heavy Rain,30.74,2.46,1.04,0.12,6.31,8.5,0.0,74,2.85,Urban land,Urban land,1
664010,10/30/2016,VEGA ALTA CO.,18.3943,-66.3506,0,Heavy Rain,11.91,12.96,7.34,1.135,6.46,21.92,14.505,133,11.18,Colinas,"Colinas clay loam, 40 to 60 percent slopes",1
664013,10/31/2016,COAMO CO.,18.097,-66.3648,0,Heavy Rain,17.97,23.915,8.655,3.22,0.33,1.29,5.595,165,3.59,Llanos,"Llanos clay, 5 to 12 percent slopes, eroded",0
667350,11/13/2016,SAN SEBASTIAN CO.,18.3439,-67.0004,0,Heavy Rain,13.125,8.19,5.015,6.68,0.64,26.26,7.045,60,0.82,Santoni,Santoni clay,1
667352,11/13/2016,SAN SEBASTIAN CO.,18.3314,-66.9885,0,Heavy Rain,15.4,14.42,5.035,12.1,1.09,21.9,10.495,66,1.57,Toa,"Toa silty clay loam, 0 to 2 percent slopes, occasionally flooded",1
667357,11/13/2016,SAN SEBASTIAN CO.,18.3261,-66.9868,0,Heavy Rain,15.4,14.42,5.035,12.1,1.09,21.9,10.495,84,6.02,Humatas,"Humatas clay, 20 to 40 percent slopes",1
667364,11/13/2016,SAN SEBASTIAN CO.,18.3285,-66.9853,0,Heavy Rain,15.4,14.42,5.035,12.1,1.09,21.9,10.495,66,6.07,Toa,"Toa silty clay loam, 0 to 2 percent slopes, occasionally flooded",1
667376,11/13/2016,SAN SEBASTIAN CO.,18.3194,-67.003,0,Heavy Rain,13.125,8.19,5.015,6.68,0.64,26.26,7.045,122,4.12,Humatas,"Humatas clay, 20 to 40 percent slopes",1
665874,11/14/2016,JUANA DIAZ CO.,18.0967,-66.5448,0,Heavy Rain,16.42,4.225,22.855,0.0,0.0,2.49,1.16,189,14.19,Reilly,Reilly gravelly loam,1
665876,11/14/2016,JUANA DIAZ CO.,17.9996,-66.5283,0,Heavy Rain,4.905,9.725,13.475,0.0,0.325,4.435,2.72,12,0.58,Urban land,"Urban land-Cortada complex, 0 to 2 percent slopes, occasionally flooded",1
665884,11/18/2016,YABUCOA CO.,18.0645,-65.8269,0,Heavy Rain,156.52,17.855,0.13,0.0,0.715,0.385,4.005,14,9.8,Teja,"Teja gravelly sandy loam, 12 to 40 percent slopes",0
666186,11/18/2016,NAGUABO CO.,18.2154,-65.7755,0,Heavy Rain,81.845,24.905,2.375,2.945,1.78,2.95,1.995,33,8.99,Sabana,"Sabana silty clay loam, 40 to 60 percent slopes",0
666332,11/20/2016,VEGA ALTA CO.,18.4191,-66.3104,0,Heavy Rain,35.465,14.53,11.48,21.45,0.0,0.0,0.0,47,7.97,San Sebastian,"San Sebastian gravelly clay, 20 to 60 percent slopes",1
681238,02/04/2017,HATILLO CO.,18.4779,-66.8058,0,Heavy Rain,6.695,0.0,6.855,0.55,0.52,0.0,0.0,48,0.73,Colinas,"Colinas clay loam, 12 to 20 percent slopes",1
681254,02/04/2017,HATILLO CO.,18.4739,-66.7761,0,Heavy Rain,6.26,0.0,7.79,0.0,0.0,0.0,0.0,60,3.35,Colinas,"Colinas clay loam, 12 to 20 percent slopes",1
688401,04/11/2017,SAN SEBASTIAN CO.,18.3301,-66.9178,1,Heavy Rain,23.035,0.36,4.06,0.0,0.0,0.0,0.0,295,9.72,Soller,"Soller clay, 20 to 40 percent slopes",1
695346,04/17/2017,CAROLINA CO.,18.4312,-66.0084,0,Heavy Rain,33.735,1.44,0.0,0.0,3.05,15.135,0.235,3,0.58,Urban land,Urban land,1
696260,04/17/2017,CAROLINA CO.,18.4187,-65.999,0,Heavy Rain,25.26,0.645,0.135,2.31,2.6,19.585,0.455,0,0.0,Made land,Made land,1
696261,04/17/2017,CAROLINA CO.,18.3943,-65.9658,0,Heavy Rain,37.995,6.995,0.52,3.285,1.49,22.91,0.78,5,0.93,Made land,Made land,1
696265,04/17/2017,CAROLINA CO.,18.4276,-66.0133,0,Heavy Rain,33.735,1.44,0.0,0.0,3.05,15.135,0.235,1,0.58,Urban land,Urban land,1
696266,04/17/2017,RIO GRANDE CO.,18.348,-65.7664,0,Heavy Rain,33.575,0.385,1.39,2.35,3.485,17.555,7.145,38,6.1,Humatas,"Humatas clay, 20 to 40 percent slopes",0
696270,04/17/2017,RIO GRANDE CO.,18.2913,-65.8145,0,Heavy Rain,26.14,4.33,1.175,1.18,0.565,8.735,1.815,880,14.17,Yunque,"Yunque-Moteado complex, 20 to 60 percent slopes",1
696285,04/17/2017,VEGA ALTA CO.,18.4025,-66.3411,0,Heavy Rain,34.26,1.605,0.0,0.0,1.185,3.39,16.805,69,15.04,San Sebastian,"San Sebastian gravelly clay, 20 to 60 percent slopes",1
696272,04/17/2017,NAGUABO CO.,18.2124,-65.7714,0,Heavy Rain,25.12,2.945,1.145,1.76,7.035,5.835,3.965,13,1.15,Coloso,"Coloso silty clay loam, 0 to 2 percent slopes, occasionally flooded",0
696290,04/17/2017,FAJARDO CO.,18.3195,-65.656,0,Heavy Rain,9.015,0.13,0.715,0.545,5.195,5.025,4.36,9,0.26,Vega Baja,"Vega Baja silty clay loam, 0 to 3 percent slopes",0
696500,04/17/2017,COMERIO CO.,18.2376,-66.2065,0,Heavy Rain,44.655,13.595,4.35,0.14,2.265,3.085,0.505,238,15.02,Caguabo,"Caguabo-Rock outcrop complex, 20 to 60 percent slopes",1
698056,05/11/2017,SAN LORENZO CO.,18.1798,-65.9786,0,Heavy Rain,8.28,4.57,36.685,6.37,0.0,0.0,0.18,130,2.2,Pandura,"Pandura sandy loam, 12 to 20 percent slopes",1
699780,05/11/2017,MAUNABO CO.,18.016,-65.9293,0,Heavy Rain,6.28,2.125,20.17,10.24,0.0,0.0,0.0,21,1.03,Reilly,Reilly soils,0
703582,05/11/2017,MAUNABO CO.,18.01,-65.9249,0,Heavy Rain,6.28,2.125,20.17,10.24,0.0,0.0,0.0,19,0.58,Coloso,"Coloso silty clay, 0 to 2 percent slopes, occasionally flooded",0
708505,06/14/2017,GUAYNABO CO.,18.4109,-66.1103,0,Heavy Rain,2.615,1.91,0.0,0.155,0.245,0.0,0.0,21,1.32,Urban land,"Urban land-Vega Alta complex, 2 to 12 percent slopes",1
709391,06/14/2017,SAN JUAN CO.,18.3905,-66.0715,0,Heavy Rain,0.0,0.0,0.0,0.0,0.0,0.0,0.23,24,2.32,Urban land,"Urban land-Vega Alta complex, 2 to 12 percent slopes",1
708510,06/14/2017,SAN JUAN CO.,18.3923,-66.0731,0,Heavy Rain,0.0,0.0,0.0,0.0,0.0,0.0,0.23,26,2.31,Urban land,"Urban land-Vega Alta complex, 2 to 12 percent slopes",1
708507,06/14/2017,GUAYNABO CO.,18.4012,-66.1049,0,Heavy Rain,2.615,1.91,0.0,0.155,0.245,0.0,0.0,21,2.66,Urban land,Urban land,1
710792,06/19/2017,AGUADA CO.,18.3717,-67.141,0,Heavy Rain,13.9,22.405,0.25,8.27,12.39,5.865,17.12,28,6.07,Rio Piedras,"Rio Piedras clay, 5 to 12 percent slopes, eroded",1
710795,06/19/2017,RIO GRANDE CO.,18.3516,-65.7938,0,Heavy Rain,36.71,0.0,0.0,0.66,0.01,0.64,0.0,204,11.24,Caguabo,"Caguabo clay loam, 20 to 60 percent slopes",0
715762,07/13/2017,NAGUABO CO.,18.219,-65.7861,0,Heavy Rain,14.375,0.92,1.47,0.0,14.675,4.59,6.485,15,0.93,Toa,"Toa silty clay loam, 0 to 2 percent slopes, occasionally flooded",0
715627,07/13/2017,NAGUABO CO.,18.2367,-65.7601,0,Heavy Rain,14.375,0.92,1.47,0.0,14.675,4.59,6.485,73,5.75,Urban land,Urban land,0
715881,07/13/2017,NAGUABO CO.,18.2195,-65.7911,0,Heavy Rain,14.375,0.92,1.47,0.0,14.675,4.59,6.485,23,3.02,Pandura,"Pandura loam, 12 to 40 percent slopes",0
715793,07/13/2017,NAGUABO CO.,18.2152,-65.7315,0,Heavy Rain,14.375,0.92,1.47,0.0,14.675,4.59,6.485,21,0.26,Toa,"Toa silty clay loam, 0 to 2 percent slopes, occasionally flooded",0
715791,07/13/2017,NAGUABO CO.,18.2008,-65.7268,0,Heavy Rain,14.375,0.92,1.47,0.0,14.675,4.59,6.485,6,0.73,Toa,"Toa silty clay loam, 0 to 2 percent slopes, occasionally flooded",0
715882,07/22/2017,GUAYNABO CO.,18.4046,-66.1066,0,Heavy Rain,18.315,0.0,0.0,0.0,0.32,1.5,0.395,15,2.43,Urban land,Urban land,1
715883,07/22/2017,GUAYNABO CO.,18.3991,-66.1089,0,Heavy Rain,9.885,0.0,0.0,0.0,0.0,0.475,0.525,19,3.28,Urban land,"Urban land-Vega Alta complex, 2 to 12 percent slopes",1
715891,07/29/2017,LARES CO.,18.3147,-66.8956,0,Heavy Rain,1.55,18.61,11.785,3.475,12.155,0.0,4.94,293,15.12,Soller,"Soller-Limestone rockland complex, 20 to 40 percent slopes",1
718939,08/17/2017,CEIBA CO.,18.2638,-65.6952,0,Heavy Rain,85.125,7.33,0.0,0.295,0.28,0.335,0.345,94,6.17,Humatas,"Humatas clay, 20 to 40 percent slopes",0
718940,08/17/2017,RIO GRANDE CO.,18.4045,-65.8041,0,Heavy Rain,126.41,8.405,0.99,1.19,0.0,0.22,3.175,1,0.77,Tidal swamp,Tidal swamp,1
718941,08/17/2017,RIO GRANDE CO.,18.3609,-65.7709,0,Heavy Rain,137.245,10.575,0.535,0.545,0.165,0.66,0.62,27,8.75,Caguabo,"Caguabo clay loam, 20 to 60 percent slopes",0
718943,08/17/2017,LUQUILLO CO.,18.3553,-65.7001,0,Heavy Rain,137.245,10.575,0.535,0.545,0.165,0.66,0.62,8,0.58,Coloso,"Coloso silty clay loam, 0 to 2 percent slopes, occasionally flooded",0
718944,08/17/2017,LUQUILLO CO.,18.3717,-65.7634,0,Heavy Rain,137.245,10.575,0.535,0.545,0.165,0.66,0.62,9,1.03,Water,Water,0
718991,08/17/2017,PATILLAS CO.,18.0026,-66.0131,0,Heavy Rain,102.875,5.295,0.0,0.0,0.455,0.0,0.0,16,0.26,Parcelas,"Parcelas clay, 5 to 12 percent slopes, eroded",0
719001,08/17/2017,PATILLAS CO.,17.9968,-65.9891,0,Heavy Rain,114.805,4.565,0.37,0.0,0.0,0.0,0.0,53,9.49,Parcelas,"Parcelas clay, 5 to 12 percent slopes, eroded",0
719011,08/17/2017,NAGUABO CO.,18.2186,-65.7821,0,Heavy Rain,128.77,8.33,0.0,0.0,0.475,0.0,0.36,11,0.82,Toa,"Toa silty clay loam, 0 to 2 percent slopes, occasionally flooded",0
720511,08/20/2017,CAROLINA CO.,18.4255,-65.9879,0,Heavy Rain,28.26,1.15,0.0,117.645,8.905,2.975,0.775,6,1.29,Urban land,Urban land,1
720493,08/20/2017,SAN LORENZO CO.,18.1893,-65.989,0,Heavy Rain,53.53,1.925,0.0,142.515,6.965,0.0,0.0,225,21.62,Mucara,"Mucara clay, 40 to 60 percent slopes",1
720502,08/20/2017,MAYAGUEZ CO.,18.2028,-67.1376,0,Heavy Rain,53.41,12.01,0.0,18.38,12.985,1.81,8.6,14,1.65,Leveled land,"Leveled land, frequently flooded",1
720476,08/20/2017,MAYAGUEZ CO.,18.1813,-67.1336,0,Heavy Rain,43.455,8.665,0.245,20.015,10.655,0.255,11.36,43,5.82,Mucara,"Mucara clay, 20 to 40 percent slopes",1
720485,08/20/2017,PATILLAS CO.,18.0,-66.0085,0,Heavy Rain,61.605,3.04,0.0,102.875,5.295,0.0,0.0,25,5.31,Patillas,"Patillas clay loam, 20 to 40 percent slopes, eroded",0
720492,08/20/2017,MAYAGUEZ CO.,18.204,-67.1506,0,Heavy Rain,53.41,12.01,0.0,18.38,12.985,1.81,8.6,6,1.09,Leveled sandy land,Leveled sandy land,1
720433,08/20/2017,ARROYO CO.,17.9891,-66.061,0,Heavy Rain,49.53,3.65,0.115,108.63,7.385,0.275,0.0,40,2.06,Cobbly alluvial land,Cobbly alluvial land,0
720425,08/20/2017,PATILLAS CO.,18.0139,-66.0265,0,Heavy Rain,61.605,3.04,0.0,102.875,5.295,0.0,0.0,33,1.39,Cobbly alluvial land,Cobbly alluvial land,0
720474,08/20/2017,PATILLAS CO.,17.9924,-65.9708,0,Heavy Rain,48.605,0.94,0.0,114.805,4.565,0.37,0.0,106,13.38,Caguabo,"Caguabo clay loam, 20 to 60 percent slopes",0
720472,08/20/2017,PATILLAS CO.,18.0023,-66.0382,0,Heavy Rain,61.605,3.04,0.0,102.875,5.295,0.0,0.0,142,17.19,Rock land,Rock land,0
720414,08/20/2017,MAYAGUEZ CO.,18.1594,-67.1444,0,Heavy Rain,43.455,8.665,0.245,20.015,10.655,0.255,11.36,34,3.94,Malaya,"Malaya clay, 20 to 60 percent slopes",1
720480,08/20/2017,MAYAGUEZ CO.,18.2018,-67.1413,0,Heavy Rain,53.41,12.01,0.0,18.38,12.985,1.81,8.6,22,0.52,Leveled clayey land,Leveled clayey land,1
720407,08/20/2017,AGUADA CO.,18.3768,-67.1937,0,Heavy Rain,43.36,9.915,0.0,19.015,8.895,1.345,7.855,12,0.36,Coloso,"Coloso clay, 0 to 2 percent slopes, occasionally flooded",1
720478,08/20/2017,MAYAGUEZ CO.,18.1804,-67.1496,0,Heavy Rain,43.455,8.665,0.245,20.015,10.655,0.255,11.36,14,4.32,Toa,"Toa silty clay loam, 0 to 2 percent slopes, occasionally flooded",1
721841,09/06/2017,CULEBRA CO.,18.3142,-65.2217,0,Heavy Rain,54.865,1.22,0.14,1.18,0.32,0.0,0.0,0,0.0,Water,Water,0
721848,09/06/2017,HUMACAO CO.,18.1975,-65.817,0,Heavy Rain,50.375,1.62,1.14,1.55,0.315,0.14,0.0,201,11.83,Sabana,"Sabana silty clay loam, 40 to 60 percent slopes",1
721940,09/06/2017,CEIBA CO.,18.2851,-65.6371,0,Heavy Rain,50.255,1.645,0.0,1.915,0.195,0.185,0.0,7,1.29,Vega Alta,"Vega Alta silty clay loam, 5 to 12 percent slopes",0
721939,09/06/2017,CANOVANAS CO.,18.401,-65.9279,0,Heavy Rain,55.435,2.515,0.0,3.5,0.17,0.0,0.0,6,1.09,Bajura,"Bajura clay, 0 to 2 percent slopes, frequently flooded",1
721887,09/06/2017,CAROLINA CO.,18.4321,-65.966,0,Heavy Rain,55.435,2.515,0.0,3.5,0.17,0.0,0.0,5,0.73,Tidal swamp,Tidal swamp,1
721846,09/06/2017,GURABO CO.,18.294,-66.0114,0,Heavy Rain,55.9,1.125,2.58,1.47,0.375,0.455,0.0,296,4.26,Caguabo,"Caguabo clay loam, 40 to 60 percent slopes",1
721837,09/06/2017,CIALES CO.,18.3676,-66.4666,0,Heavy Rain,40.455,2.895,5.465,9.495,8.535,0.0,0.0,204,15.84,Naranjo,"Naranjo clay, 5 to 20 percent slopes",1
721838,09/06/2017,CIDRA CO.,18.1658,-66.102,0,Heavy Rain,48.35,2.54,0.85,0.25,0.47,1.825,0.075,451,4.38,Naranjito,"Naranjito silty clay loam, 20 to 40 percent slopes",1
721943,09/06/2017,BAYAMON CO.,18.416,-66.1973,0,Heavy Rain,58.545,0.355,0.34,7.31,1.605,0.0,0.0,34,0.36,Almirante,"Almirante clay, 2 to 5 percent slopes",1
721853,09/06/2017,AGUAS BUENAS CO.,18.2662,-66.1853,0,Heavy Rain,52.595,1.9,4.375,0.77,0.665,0.59,0.0,541,3.93,Humatas,"Humatas clay, 40 to 60 percent slopes",1
721944,09/06/2017,CATANO CO.,18.4498,-66.1588,0,Heavy Rain,58.545,0.355,0.34,7.31,1.605,0.0,0.0,2,0.82,Urban land,Urban land-Durados complex,1
721845,09/06/2017,GUAYNABO CO.,18.4298,-66.1188,0,Heavy Rain,58.545,0.355,0.34,7.31,1.605,0.0,0.0,4,1.15,Urban land,Urban land,1
721840,09/06/2017,COROZAL CO.,18.3566,-66.3306,0,Heavy Rain,51.06,2.38,4.53,7.66,5.55,0.0,0.0,172,7.34,Soller,"Soller clay loam, 40 to 60 percent slopes",1
721844,09/06/2017,FLORIDA CO.,18.3914,-66.5792,0,Heavy Rain,34.815,2.375,5.55,9.0,9.24,0.0,0.0,174,2.43,Vega Alta,"Vega Alta clay, 5 to 12 percent slopes, eroded",1
721948,09/06/2017,BARCELONETA CO.,18.4816,-66.5888,0,Heavy Rain,37.065,1.2,0.88,4.65,5.11,0.0,0.0,13,2.2,Santa Clara,"Santa Clara clay, 2 to 12 percent slopes",1
721843,09/06/2017,FAJARDO CO.,18.2891,-65.6395,0,Heavy Rain,50.255,1.645,0.0,1.915,0.195,0.185,0.0,59,10.49,Naranjito,"Naranjito silty clay loam, 20 to 40 percent slopes",0
721954,09/06/2017,ARECIBO CO.,18.4819,-66.7687,0,Heavy Rain,23.445,2.595,2.11,9.9,4.13,0.0,0.0,17,3.3,San German,"San German gravelly clay loam, 5 to 20 percent slopes",1
721850,09/06/2017,ADJUNTAS CO.,18.2493,-66.7947,0,Heavy Rain,25.375,7.435,16.78,8.99,10.535,0.805,0.0,479,8.74,Lirios,"Lirios clay loam, 40 to 60 percent slopes",1
721849,09/06/2017,JAYUYA CO.,18.2777,-66.5758,0,Heavy Rain,35.225,3.59,10.61,16.45,5.97,0.155,0.0,478,5.41,Humatas,"Humatas clay, 40 to 60 percent slopes",1
721847,09/06/2017,HATILLO CO.,18.4803,-66.8243,0,Heavy Rain,17.045,3.37,3.465,3.865,4.715,0.0,0.0,8,2.38,Colinas,"Colinas clay loam, 20 to 40 percent slopes",1
721955,09/06/2017,CAMUY CO.,18.479,-66.9067,0,Heavy Rain,12.015,1.695,5.575,4.18,3.825,0.0,0.0,70,5.67,San German,"San German gravelly clay loam, 12 to 20 percent slopes",1
721839,09/06/2017,COMERIO CO.,18.2617,-66.2115,0,Heavy Rain,49.88,2.465,3.41,1.075,1.535,0.915,0.0,289,24.78,Caguabo,"Caguabo clay loam, 40 to 60 percent slopes",1
721956,09/06/2017,BARRANQUITAS CO.,18.2403,-66.3526,0,Heavy Rain,45.45,2.14,4.86,11.495,3.415,1.1,0.0,639,25.26,Maricao,"Maricao clay, 20 to 60 percent slopes",1
721842,09/06/2017,DORAD CO.,18.4728,-66.3125,0,Heavy Rain,52.285,0.825,0.47,1.68,4.51,0.0,0.0,6,1.32,Urban land,Urban land-Durados complex,1
721942,09/07/2017,CAGUAS CO.,18.3041,-66.0662,0,Heavy Rain,32.245,62.37,1.955,3.865,2.88,0.385,0.0,86,1.65,Humatas,"Humatas clay, 20 to 40 percent slopes",1
721503,09/20/2017,PONCE CO.,18.1531,-66.6623,0,Heavy Rain,91.5,0.5,9.3,5.635,0.49,2.39,2.535,821,11.62,Los Guineos,"Los Guineos clay, 20 to 40 percent slopes",1
721924,09/20/2017,FAJARDO CO.,18.3599,-65.6649,0,Heavy Rain,131.225,15.755,0.825,2.035,0.26,3.64,4.965,8,1.39,Catano,"Catano loamy sand, 0 to 2 percent slopes",0
721926,09/20/2017,GUAYAMA CO.,18.0976,-66.0903,0,Heavy Rain,160.6,11.185,0.075,0.46,1.53,3.275,12.445,685,11.18,Los Guineos,"Los Guineos clay, 40 to 60 percent slopes",0
721905,09/20/2017,CIALES CO.,18.3292,-66.582,0,Heavy Rain,119.99,1.82,1.675,13.355,0.275,4.12,1.305,343,14.21,Rock outcrop,"Rock outcrop-Tanama complex, 12 to 60 percent slopes",1
721929,09/20/2017,GURABO CO.,18.3008,-66.0158,0,Heavy Rain,165.97,8.275,0.0,1.785,0.795,2.49,3.51,168,16.24,Mucara,"Mucara clay, 40 to 60 percent slopes",1
721935,09/20/2017,HUMACAO CO.,18.1707,-65.7484,0,Heavy Rain,179.97,20.99,0.06,1.685,0.24,4.285,10.385,7,1.5,Aguadilla,Aguadilla loamy sand,0
722507,09/20/2017,ARROYO CO.,18.022,-66.0948,0,Heavy Rain / Tropical System,160.6,11.185,0.075,0.46,1.53,3.275,12.445,730,15.98,Caguabo,"Caguabo clay loam, 20 to 60 percent slopes",0
721364,09/20/2017,COMERIO CO.,18.2753,-66.2127,0,Heavy Rain,131.91,4.89,0.065,2.04,0.0,0.015,3.175,117,6.95,Caguabo,"Caguabo clay loam, 40 to 60 percent slopes",1
722607,09/20/2017,AGUAS BUENAS CO.,18.2757,-66.1775,0,Heavy Rain / Tropical System,158.585,7.03,0.465,0.28,0.17,0.325,4.52,490,6.92,Humatas,"Humatas clay, 20 to 40 percent slopes",1
721906,09/20/2017,CIDRA CO.,18.2079,-66.1665,0,Heavy Rain,158.585,7.03,0.465,0.28,0.17,0.325,4.52,468,3.92,Humatas,"Humatas clay, 20 to 40 percent slopes",1
721928,09/20/2017,GUAYNABO CO.,18.4324,-66.1144,0,Heavy Rain,155.555,5.55,0.0,9.095,0.005,1.825,3.65,3,0.93,Urban land,Urban land,1
722613,09/20/2017,CATANO CO.,18.4407,-66.1121,0,Heavy Rain / Tropical System,155.555,5.55,0.0,9.095,0.005,1.825,3.65,1,1.15,Water,Water,1
722509,09/20/2017,CEIBA CO.,18.2822,-65.633,0,Heavy Rain / Tropical System,154.485,17.16,0.9,1.44,0.305,4.14,5.215,0,2.32,Water,Water,0
749456,09/20/2017,TOA BAJA CO.,18.449,-66.1638,9,Heavy Rain / Tropical System,155.555,5.55,0.0,9.095,0.005,1.825,3.65,1,1.32,Durados,Durados sandy loam,1
749737,09/20/2017,UTUADO CO.,18.27,-66.7,3,Heavy Rain / Tropical System,98.24,0.275,0.58,8.625,0.645,3.43,0.49,174,6.94,Lirios,"Lirios clay loam, 40 to 60 percent slopes",1
749457,09/20/2017,VEGA ALTA CO.,18.42,-66.33,1,Heavy Rain / Tropical System,131.74,3.395,0.0,2.885,0.0,4.095,1.385,53,3.87,San Sebastian,"San Sebastian gravelly clay, 20 to 60 percent slopes",1
721914,09/20/2017,COAMO CO.,18.0506,-66.4165,0,Heavy Rain,120.165,1.31,0.77,0.0,0.49,2.355,15.605,111,2.38,Llanos,"Llanos clay, 5 to 12 percent slopes, eroded",1
721915,09/20/2017,COROZAL CO.,18.3468,-66.3396,0,Heavy Rain,118.4,2.15,0.01,7.41,0.0,3.28,5.975,120,6.1,Lares,"Lares clay, 5 to 12 percent slopes, eroded",1
722508,09/20/2017,CANOVANAS CO.,18.414,-65.9005,0,Heavy Rain,181.965,10.035,0.0,3.83,0.09,1.16,3.4,2,1.65,Toa,"Toa silty clay loam, 0 to 2 percent slopes, occasionally flooded",1
721933,09/20/2017,HATILLO CO.,18.479,-66.8271,0,Heavy Rain,111.635,1.795,0.17,7.89,2.39,6.83,2.19,11,0.93,Guerrero,"Guerrero sand, 2 to 12 percent slopes",1
721923,09/20/2017,DORAD CO.,18.4712,-66.3121,0,Heavy Rain,131.74,3.395,0.0,2.885,0.0,4.095,1.385,15,1.81,Urban land,Urban land-Durados complex,1
722636,09/20/2017,CAYEY CO.,18.1433,-66.217,0,Heavy Rain / Tropical System,120.51,4.88,0.0,0.26,0.33,0.4,6.5,282,1.73,Water,Water,1
721936,09/20/2017,ISABELA CO.,18.5096,-67.088,0,Heavy Rain,77.015,0.5,1.61,18.37,8.645,3.965,4.7,41,13.6,Limestone outcrop,Limestone outcrop,1
721937,09/20/2017,JAYUYA CO.,18.2796,-66.5737,0,Heavy Rain,96.715,0.785,2.91,8.08,0.36,2.045,1.825,511,13.49,Humatas,"Humatas clay, 40 to 60 percent slopes",1
721927,09/20/2017,GUAYANILLA CO.,18.127,-66.7921,0,Heavy Rain,97.655,0.4,7.305,8.005,0.645,2.11,3.34,715,16.33,Mucara,"Mucara silty clay, 40 to 60 percent slopes, eroded",1
721931,09/20/2017,GUANICA CO.,17.9533,-66.8662,0,Heavy Rain,96.865,1.515,0.275,0.0,0.485,8.2,13.695,8,0.82,Manglillo,"Manglillo, Boqueron and Serrano soils, very frequently flooded",1
722612,09/20/2017,BAYAMON CO.,18.4165,-66.1964,0,Heavy Rain / Tropical System,155.555,5.55,0.0,9.095,0.005,1.825,3.65,32,1.15,Almirante,"Almirante clay, 2 to 5 percent slopes",1
722510,09/20/2017,CAGUAS CO.,18.3034,-66.0659,0,Heavy Rain / Tropical System,165.97,8.275,0.0,1.785,0.795,2.49,3.51,82,0.52,Humatas,"Humatas clay, 20 to 40 percent slopes",1
722611,09/20/2017,CAROLINA CO.,18.4585,-65.9779,0,Heavy Rain / Tropical System,181.965,10.035,0.0,3.83,0.09,1.16,3.4,8,1.88,Rock land,Rock land,1
722635,09/20/2017,AIBONITO CO.,18.1811,-66.241,0,Heavy Rain / Tropical System,120.51,4.88,0.0,0.26,0.33,0.4,6.5,267,11.35,Mucara,"Mucara clay, 20 to 40 percent slopes",1
722617,09/20/2017,ADJUNTAS CO.,18.2509,-66.7914,0,Heavy Rain / Tropical System,98.24,0.275,0.58,8.625,0.645,3.43,0.49,498,21.24,Lirios,"Lirios clay loam, 40 to 60 percent slopes",1
722620,09/20/2017,ARECIBO CO.,18.481,-66.7708,1,Heavy Rain / Tropical System,121.245,0.83,0.05,6.45,0.935,11.3,0.86,24,2.66,Jobos,"Jobos sandy loam, 2 to 12 percent slopes",1
722633,09/20/2017,CAMUY CO.,18.4862,-66.8329,0,Heavy Rain / Tropical System,111.635,1.795,0.17,7.89,2.39,6.83,2.19,7,1.29,Catano,"Catano sand, 0 to 2 percent slopes",1
721934,09/20/2017,HORMIGUEROS CO.,18.1505,-67.1436,0,Heavy Rain,108.545,0.725,9.23,7.005,0.96,1.84,2.72,11,1.09,Urban land,Urban land,1
722614,09/20/2017,BARCELONETA CO.,18.479,-66.5298,0,Heavy Rain / Tropical System,125.785,1.425,0.045,5.665,0.315,5.315,0.675,46,0.73,Caracoles,"Caracoles loam, 20 to 40 percent slopes",1
722615,09/20/2017,BARRANQUITAS CO.,18.2425,-66.3519,0,Heavy Rain / Tropical System,111.155,2.04,1.085,5.925,0.055,0.205,3.54,743,18.16,Mucara,"Mucara clay, 40 to 60 percent slopes",1
722625,09/20/2017,AGUADILLA CO.,18.5133,-67.1012,0,Heavy Rain / Tropical System,88.875,0.465,0.08,2.36,1.13,2.915,1.165,9,1.06,Limestone outcrop,Limestone outcrop,1
722629,09/20/2017,ANASCO CO.,18.3044,-67.2271,4,Heavy Rain / Tropical System,81.315,0.735,19.845,3.225,0.685,1.575,1.635,75,18.36,Caguabo,"Caguabo clay loam, 20 to 60 percent slopes",1
722630,09/20/2017,CABO ROJO CO.,18.1674,-67.1783,0,Heavy Rain / Tropical System,108.545,0.725,9.23,7.005,0.96,1.84,2.72,7,2.08,Tidal swamp,Tidal swamp,1
722622,09/20/2017,AGUADA CO.,18.4152,-67.1596,2,Heavy Rain / Tropical System,109.955,1.335,3.01,6.55,1.52,11.345,6.18,8,2.43,Catano,"Catano sand, 0 to 2 percent slopes",1
721925,09/20/2017,FLORIDA CO.,18.4051,-66.5679,0,Heavy Rain,125.785,1.425,0.045,5.665,0.315,5.315,0.675,145,2.88,Rock outcrop,"Rock outcrop-Tanama complex, 12 to 60 percent slopes",1
725405,10/07/2017,UTUADO CO.,18.2641,-66.6969,0,Heavy Rain,31.47,16.26,21.935,-999.0,7.86,0.225,7.995,158,4.92,Pellejas,"Pellejas clay loam, 40 to 60 percent slopes",1
725750,10/08/2017,VEGA ALTA CO.,18.4304,-66.3401,0,Heavy Rain,23.62,7.09,8.505,18.025,0.0,0.325,0.25,42,13.6,Rock outcrop,"Rock outcrop-Tanama complex, 12 to 60 percent slopes",1
725751,10/08/2017,MANATI CO.,18.437,-66.5323,0,Heavy Rain,21.245,16.01,3.835,18.465,0.0,0.315,0.0,8,1.06,Toa,"Toa silty clay loam, 0 to 2 percent slopes, occasionally flooded",1
725752,10/08/2017,SAN JUAN CO.,18.4505,-66.0763,0,Heavy Rain,18.95,0.16,6.315,5.95,0.0,0.255,1.505,10,1.03,Urban land,Urban land,1
725753,10/09/2017,CAGUAS CO.,18.1871,-66.0621,0,Heavy Rain,21.58,1.3,0.07,19.185,7.85,0.0,0.0,147,10.71,Naranjito,"Naranjito silty clay loam, 40 to 60 percent slopes",1
725469,10/15/2017,LUQUILLO CO.,18.3283,-65.6898,0,Heavy Rain,35.78,0.64,0.57,0.915,17.325,31.265,9.7,121,18.03,Caguabo,"Caguabo clay loam, 20 to 60 percent slopes",0
725531,10/15/2017,GUAYAMA CO.,17.9861,-66.1343,0,Heavy Rain,19.475,0.0,0.0,0.0,18.56,33.465,2.935,123,12.88,Descalabrado,"Descalabrado and Guayama soils, 20 to 60 percent slopes, eroded",0
725534,10/16/2017,CIDRA CO.,18.1658,-66.1647,0,Heavy Rain,126.24,16.43,0.0,1.25,0.0,28.165,26.395,452,5.4,Caguabo,"Caguabo clay loam, 40 to 60 percent slopes",1
728493,11/18/2017,BAYAMON CO.,18.3988,-66.1382,0,Heavy Rain,19.26,6.07,28.97,2.525,0.0,0.0,2.145,14,1.32,Urban land,"Urban land-Vega Alta complex, 2 to 12 percent slopes",1
728497,11/18/2017,CATANO CO.,18.431,-66.1479,0,Heavy Rain,14.39,4.085,21.765,4.585,0.0,0.18,7.195,6,0.26,Urban land,Urban land-Sabana Seca complex,1
728499,11/18/2017,MOROVIS CO.,18.2949,-66.4154,0,Heavy Rain,18.27,6.825,33.74,0.895,0.0,0.0,0.42,222,18.91,Mucara,"Mucara clay, 40 to 60 percent slopes",1
728599,11/18/2017,GUAYNABO CO.,18.4087,-66.1029,0,Heavy Rain,14.39,4.085,21.765,4.585,0.0,0.18,7.195,14,0.82,Urban land,Urban land,1
762070,05/31/2018,SAN JUAN CO.,18.3518,-66.0809,0,Heavy Rain,1.17,0.0,1.085,0.63,2.82,0.0,0.0,122,2.32,Naranjito,"Naranjito silty clay loam, 12 to 20 percent slopes, eroded",1
766156,06/23/2018,PATILLAS CO.,18.0428,-66.0394,0,Heavy Rain,119.115,31.635,0.0,6.85,33.76,0.365,0.0,131,19.95,Pandura,"Pandura loam, 40 to 60 percent slopes",0
774259,07/09/2018,FAJARDO CO.,18.3328,-65.666,0,Heavy Rain,94.845,0.91,0.0,0.0,0.0,0.0,0.0,47,4.51,Fajardo,"Fajardo clay, 2 to 10 percent slopes, eroded",0
774272,07/09/2018,FAJARDO CO.,18.3225,-65.652,0,Heavy Rain,94.845,0.91,0.0,0.0,0.0,0.0,0.0,6,0.58,Toa,"Toa silty clay loam, 0 to 2 percent slopes, occasionally flooded",0
776359,07/09/2018,SAN LORENZO CO.,18.1926,-65.9597,0,Heavy Rain,141.45,0.0,0.0,0.0,0.0,0.0,0.0,90,4.23,Cayagua,Cayagua sandy loam,1
776362,07/09/2018,LAS PIEDRAS CO.,18.16,-65.8992,0,Heavy Rain,149.085,0.0,0.0,0.0,0.0,0.0,0.0,158,1.32,Pandura,"Pandura loam, 40 to 60 percent slopes",1
776677,07/09/2018,LAS PIEDRAS CO.,18.175,-65.8785,0,Heavy Rain,149.085,0.0,0.0,0.0,0.0,0.0,0.0,116,0.93,Candelero,"Candelero loam, 2 to 5 percent slopes",1
776678,07/10/2018,HUMACAO CO.,18.1151,-65.8608,0,Heavy Rain,42.565,149.085,0.0,0.0,0.0,0.0,0.0,239,10.21,Pandura,"Pandura loam, 40 to 60 percent slopes",1
783757,09/23/2018,GUAYNABO CO.,18.3721,-66.0762,0,Heavy Rain,0.0,0.0,1.12,0.0,0.305,4.52,1.91,62,3.1,Urban land,"Urban land-Vega Alta complex, 2 to 12 percent slopes",1
784420,09/23/2018,SAN JUAN CO.,18.3989,-66.08,0,Heavy Rain,0.0,0.0,1.12,0.0,0.305,4.52,1.91,10,0.0,Urban land,Urban land,1
784409,09/23/2018,GUAYNABO CO.,18.3941,-66.0696,0,Heavy Rain,0.0,0.0,1.12,0.0,0.305,4.52,1.91,11,0.36,Urban land,Urban land,1
783761,09/23/2018,GUAYNABO CO.,18.3962,-66.0694,0,Heavy Rain,0.0,0.0,1.12,0.0,0.305,4.52,1.91,12,1.03,Urban land,Urban land,1
783758,09/23/2018,GUAYNABO CO.,18.3803,-66.0665,0,Heavy Rain,0.0,0.0,1.12,0.0,0.305,4.52,1.91,35,3.1,Urban land,"Urban land-Vega Alta complex, 2 to 12 percent slopes",1
783676,09/23/2018,GUAYNABO CO.,18.4012,-66.1064,0,Heavy Rain,3.51,0.0,3.005,0.685,0.0,4.955,0.52,17,2.43,Urban land,Urban land,1
783675,09/23/2018,SAN JUAN CO.,18.3964,-66.0477,0,Heavy Rain,0.0,0.0,1.12,0.0,0.305,4.52,1.91,35,2.58,Urban land,Urban land,1
788504,10/23/2018,UTUADO CO.,18.24,-66.71,0,Heavy Rain,7.445,1.565,0.0,0.0,0.0,0.0,0.26,224,4.92,Lirios,"Lirios clay loam, 40 to 60 percent slopes",1
789304,10/23/2018,UTUADO CO.,18.2672,-66.7104,0,Heavy Rain,7.445,1.565,0.0,0.0,0.0,0.0,0.26,134,1.32,Urban land,Urban land,1
788532,10/24/2018,UTUADO CO.,18.2662,-66.7004,0,Heavy Rain,8.8,7.445,1.565,0.0,0.0,0.0,0.0,142,1.65,Urban land,Urban land,1
788533,10/24/2018,UTUADO CO.,18.2651,-66.695,0,Heavy Rain,0.59,10.59,1.385,0.0,0.0,0.0,0.0,149,2.69,Urban land,Urban land,1
792026,11/04/2018,NAGUABO CO.,18.216,-65.7776,0,Heavy Rain,69.76,5.905,4.79,0.0,0.0,1.635,0.0,10,0.52,Rio Arriba,"Rio Arriba clay, 2 to 5 percent slopes",0
794102,11/14/2018,CAGUAS CO.,18.1817,-66.0531,0,Heavy Rain,25.16,15.615,0.0,1.415,0.13,0.84,0.695,114,2.38,Rio Arriba,"Rio Arriba clay, 5 to 12 percent slopes, eroded",1
821318,04/28/2019,NAGUABO CO.,18.2124,-65.7782,0,Heavy Rain,10.33,1.83,0.0,0.0,0.0,0.0,1.08,9,1.06,Toa,"Toa silty clay loam, 0 to 2 percent slopes, occasionally flooded",0
821321,04/28/2019,NAGUABO CO.,18.2133,-65.7435,0,Heavy Rain,10.33,1.83,0.0,0.0,0.0,0.0,1.08,19,2.74,Mabi,"Mabi clay, 0 to 5 percent slopes, rarely flooded",0
831455,05/29/2019,SAN SEBASTIAN CO.,18.3534,-67.0321,0,Heavy Rain,28.0,38.705,72.005,7.91,4.465,29.945,30.61,62,3.83,Plata,"Plata clay, 20 to 40 percent slopes, eroded",1
829409,05/29/2019,SAN SEBASTIAN CO.,18.355,-67.035,0,Heavy Rain,28.0,38.705,72.005,7.91,4.465,29.945,30.61,63,0.26,Plata,"Plata clay, 20 to 40 percent slopes, eroded",1
831463,05/29/2019,SAN SEBASTIAN CO.,18.3638,-66.9854,0,Heavy Rain,22.05,37.535,61.145,7.11,4.62,26.03,24.475,175,7.48,Colinas,"Colinas cobbly clay loam, 20 to 40 percent slopes",1
831457,05/29/2019,SAN SEBASTIAN CO.,18.3476,-66.9997,0,Heavy Rain,22.05,37.535,61.145,7.11,4.62,26.03,24.475,70,2.38,Santoni,Santoni clay,1
829410,05/29/2019,MOCA CO.,18.3804,-67.0909,0,Heavy Rain,28.0,38.705,72.005,7.91,4.465,29.945,30.61,80,3.35,Rio Piedras,"Rio Piedras clay, 12 to 20 percent slopes, eroded",1
845340,07/14/2019,AGUADA CO.,18.3619,-67.1791,0,Heavy Rain,29.135,16.0,2.35,0.0,3.085,8.54,0.0,41,3.23,Malaya,"Malaya clay, 20 to 60 percent slopes",1
845347,07/14/2019,AGUADA CO.,18.3842,-67.2007,0,Heavy Rain,14.585,4.62,0.855,0.0,0.5,6.315,0.395,36,1.57,Colinas,"Colinas clay loam, 20 to 40 percent slopes",1
845571,07/30/2019,NAGUABO CO.,18.2183,-65.7631,0,Heavy Rain,224.525,5.385,0.0,0.11,0.095,2.11,0.0,15,0.82,Mabi,"Mabi clay, 0 to 5 percent slopes, rarely flooded",0
844871,07/30/2019,RIO GRANDE CO.,18.3499,-65.765,0,Heavy Rain,231.07,6.58,0.245,0.0,0.0,2.05,0.0,38,2.13,Caguabo,"Caguabo clay loam, 20 to 60 percent slopes",0
845166,07/30/2019,NAGUABO CO.,18.215,-65.7777,0,Heavy Rain,224.525,5.385,0.0,0.11,0.095,2.11,0.0,11,0.58,Toa,"Toa silty clay loam, 0 to 2 percent slopes, occasionally flooded",0
845552,07/31/2019,NAGUABO CO.,18.2142,-65.7843,0,Heavy Rain,109.21,224.525,5.385,0.0,0.11,0.095,2.11,19,1.63,Rio Arriba,"Rio Arriba clay, 5 to 12 percent slopes, eroded",0
845554,07/31/2019,VIEQUES CO.,18.1409,-65.4541,0,Heavy Rain,91.775,116.405,6.645,0.255,0.365,0.045,1.465,22,2.01,Urban land,Urban land,0
845555,07/31/2019,VIEQUES CO.,18.1007,-65.4874,0,Heavy Rain,91.775,116.405,6.645,0.255,0.365,0.045,1.465,34,3.66,Vieques,"Vieques loam, 12 to 40 percent slopes, eroded",0
851063,08/29/2019,FAJARDO CO.,18.3323,-65.6607,0,Heavy Rain / Tropical System,67.125,37.865,0.735,0.0,0.225,0.0,0.385,21,1.5,Urban land,Urban land,0
851066,08/29/2019,FAJARDO CO.,18.3334,-65.6569,0,Heavy Rain / Tropical System,67.125,37.865,0.735,0.0,0.225,0.0,0.385,14,0.93,Urban land,Urban land,0
851067,08/29/2019,LAS PIEDRAS CO.,18.2189,-65.8286,0,Heavy Rain / Tropical System,65.775,27.255,0.0,0.0,0.0,0.195,0.225,100,1.46,Mabi,"Mabi clay, 0 to 5 percent slopes, rarely flooded",1
851068,08/29/2019,HUMACAO CO.,18.1514,-65.8246,0,Heavy Rain / Tropical System,57.905,19.795,0.0,0.0,0.0,0.0,0.215,25,0.93,Urban land,Urban land,1
851069,08/29/2019,LUQUILLO CO.,18.3796,-65.7517,0,Heavy Rain / Tropical System,69.555,36.18,0.125,0.0,0.275,0.0,0.7,3,0.82,Fortuna,Fortuna clay,0
851070,08/29/2019,LUQUILLO CO.,18.3496,-65.7106,0,Heavy Rain / Tropical System,69.555,36.18,0.125,0.0,0.275,0.0,0.7,22,0.26,Aceitunas,"Aceitunas silty clay loam, 5 to 12 percent slopes",0
851071,08/29/2019,NAGUABO CO.,18.2205,-65.782,0,Heavy Rain / Tropical System,63.325,32.74,0.0,0.0,0.0,0.355,0.455,13,0.26,Toa,"Toa silty clay loam, 0 to 2 percent slopes, occasionally flooded",0
853173,08/29/2019,HUMACAO CO.,18.1556,-65.8273,0,Heavy Rain / Tropical System,57.905,19.795,0.0,0.0,0.0,0.0,0.215,30,0.36,Fortuna,Fortuna clay,1
853175,08/29/2019,PATILLAS CO.,18.0416,-66.0342,0,Heavy Rain / Tropical System,73.315,6.77,0.0,0.0,0.0,0.0,0.0,104,10.33,Pandura,"Pandura loam, 40 to 60 percent slopes",0
853178,08/29/2019,YABUCOA CO.,18.0575,-65.9003,0,Heavy Rain / Tropical System,72.535,9.825,0.0,0.0,0.0,0.0,0.0,24,0.52,Coloso,"Coloso silty clay, 0 to 2 percent slopes, occasionally flooded",0
853180,08/29/2019,YABUCOA CO.,18.0664,-65.8776,0,Heavy Rain / Tropical System,55.625,19.835,0.0,0.0,0.0,0.0,0.0,16,0.82,Reilly,Reilly soils,0
853182,08/29/2019,PATILLAS CO.,18.0373,-66.005,0,Heavy Rain / Tropical System,73.315,6.77,0.0,0.0,0.0,0.0,0.0,116,13.46,Pandura,"Pandura loam, 40 to 60 percent slopes",0
853183,08/29/2019,MAUNABO CO.,18.0123,-65.9272,0,Heavy Rain / Tropical System,72.535,9.825,0.0,0.0,0.0,0.0,0.0,20,0.58,Coloso,"Coloso silty clay, 0 to 2 percent slopes, occasionally flooded",0
857068,09/24/2019,BAYAMON CO.,18.3982,-66.1505,0,Heavy Rain,41.675,0.0,8.285,0.915,0.0,11.26,0.355,12,1.06,Urban land,"Urban land-Vega Alta complex, 2 to 12 percent slopes",1
857069,09/24/2019,GUAYNABO CO.,18.4105,-66.1076,0,Heavy Rain,36.895,0.24,5.455,0.475,0.0,9.22,1.03,14,1.57,Urban land,Urban land,1
856275,09/24/2019,JAYUYA CO.,18.2173,-66.5865,0,Heavy Rain,46.12,0.715,7.075,0.025,1.01,10.995,3.08,448,4.64,Pellejas,"Pellejas clay loam, 40 to 60 percent slopes",1
856276,09/24/2019,COAMO CO.,18.0783,-66.2959,0,Heavy Rain,45.015,0.0,14.81,4.035,0.0,14.9,3.16,197,4.0,Llanos,"Llanos clay, 5 to 12 percent slopes, eroded",0
856278,09/24/2019,DORAD CO.,18.4655,-66.2725,0,Heavy Rain,30.595,0.05,1.855,1.075,0.0,9.97,1.475,14,1.73,Urban land,Urban land-Durados complex,1
856279,09/24/2019,TOA BAJA CO.,18.4166,-66.1974,0,Heavy Rain,36.895,0.24,5.455,0.475,0.0,9.22,1.03,32,0.77,Almirante,"Almirante clay, 2 to 5 percent slopes",1
856280,09/24/2019,TOA BAJA CO.,18.4177,-66.2195,0,Heavy Rain,30.595,0.05,1.855,1.075,0.0,9.97,1.475,33,3.65,Urban land,"Urban land-Vega Alta complex, 2 to 12 percent slopes",1
856281,09/24/2019,TOA BAJA CO.,18.422,-66.2444,0,Heavy Rain,30.595,0.05,1.855,1.075,0.0,9.97,1.475,13,0.93,Urban land,Urban land-Sabana Seca complex,1
857413,09/29/2019,NAGUABO CO.,18.2172,-65.7844,0,Heavy Rain,32.4,3.205,0.475,8.53,32.13,59.345,0.5,26,2.13,Sabana,"Sabana silty clay loam, 20 to 40 percent slopes",0
857414,09/29/2019,NAGUABO CO.,18.2268,-65.7868,0,Heavy Rain,32.4,3.205,0.475,8.53,32.13,59.345,0.5,20,1.82,Rio Arriba,"Rio Arriba clay, 5 to 12 percent slopes, eroded",0
859200,10/14/2019,JAYUYA CO.,18.2194,-66.6154,0,Heavy Rain,20.075,14.375,1.04,8.485,1.4,1.485,0.0,446,16.89,Pellejas,"Pellejas clay loam, 40 to 60 percent slopes",1
859201,10/14/2019,JAYUYA CO.,18.2177,-66.5877,0,Heavy Rain,32.11,12.105,0.01,10.115,9.31,2.12,0.375,448,7.55,Reilly,Reilly gravelly silt loam,1
859203,10/16/2019,UTUADO CO.,18.2585,-66.7232,0,Heavy Rain,115.245,6.505,16.86,13.16,3.385,20.43,0.26,150,4.66,Riverwash,Riverwash,1
859326,10/16/2019,ADJUNTAS CO.,18.2047,-66.7035,0,Heavy Rain,115.245,6.505,16.86,13.16,3.385,20.43,0.26,347,1.39,Toa,"Toa silty clay loam, 0 to 2 percent slopes, occasionally flooded",1
859327,10/16/2019,UTUADO CO.,18.2663,-66.7091,0,Heavy Rain,115.245,6.505,16.86,13.16,3.385,20.43,0.26,133,2.88,Urban land,Urban land,1
859945,10/16/2019,NARANJITO CO.,18.301,-66.2447,0,Heavy Rain,7.57,2.73,30.58,0.32,2.3,3.51,0.0,109,1.46,Urban land,"Urban land-Mucara complex, 12 to 40 percent slopes",1
877660,02/24/2020,CAROLINA CO.,18.4472,-66.038,0,Heavy Rain,5.585,0.5,0.0,0.0,0.0,0.125,0.0,0,1.46,Urban land,Urban land,1
877663,02/24/2020,CAROLINA CO.,18.3997,-65.952,0,Heavy Rain,1.35,0.0,0.0,0.0,0.0,0.12,0.0,9,0.58,Urban land,Urban land,1
877662,02/24/2020,CAROLINA CO.,18.3953,-65.9667,0,Heavy Rain,1.35,0.0,0.0,0.0,0.0,0.12,0.0,5,0.52,Water,Water,1
877661,02/24/2020,CAROLINA CO.,18.4406,-66.0297,0,Heavy Rain,5.585,0.5,0.0,0.0,0.0,0.125,0.0,3,0.52,Urban land,Urban land,1
877664,02/24/2020,CAROLINA CO.,18.3975,-65.973,0,Heavy Rain,1.35,0.0,0.0,0.0,0.0,0.12,0.0,6,0.36,Urban land,Urban land,1
877665,02/24/2020,CAROLINA CO.,18.3841,-65.9589,0,Heavy Rain,1.35,0.0,0.0,0.0,0.0,0.12,0.0,12,0.36,Urban land,Urban land,1
877666,02/24/2020,CAROLINA CO.,18.42,-65.9995,0,Heavy Rain,0.73,0.64,0.0,0.0,0.0,0.52,0.0,2,1.5,Made land,Made land,1
877667,02/24/2020,SAN JUAN CO.,18.4505,-66.0666,0,Heavy Rain,5.585,0.5,0.0,0.0,0.0,0.125,0.0,17,6.5,Urban land,Urban land,1
877671,03/10/2020,CANOVANAS CO.,18.3772,-65.9029,0,Heavy Rain,0.0,2.0,0.0,0.0,0.0,0.0,0.0,14,3.69,Urban land,Urban land,1
877670,03/10/2020,CANOVANAS CO.,18.3625,-65.8885,0,Heavy Rain,0.44,0.585,0.0,0.0,0.0,0.14,0.12,18,0.93,Toa,"Toa silty clay loam, 0 to 2 percent slopes, occasionally flooded",1
877672,03/10/2020,CANOVANAS CO.,18.3667,-65.9015,0,Heavy Rain,0.0,2.0,0.0,0.0,0.0,0.0,0.0,15,0.52,Rio Arriba,"Rio Arriba clay, 2 to 5 percent slopes",1
888963,04/05/2020,SAN JUAN CO.,18.3982,-66.0706,0,Heavy Rain,0.275,0.0,0.0,0.0,0.0,0.0,0.0,15,2.85,Urban land,Urban land,1
888964,04/05/2020,SAN JUAN CO.,18.4009,-66.1109,0,Heavy Rain,0.26,0.0,0.0,0.0,0.0,0.0,0.0,27,1.88,Urban land,"Urban land-Vega Alta complex, 2 to 12 percent slopes",1
888965,04/05/2020,SAN JUAN CO.,18.4154,-66.0789,0,Heavy Rain,2.16,0.0,0.0,0.0,0.0,0.0,0.0,5,1.57,Urban land,Urban land,1
888968,04/08/2020,SAN JUAN CO.,18.4254,-66.0566,0,Heavy Rain,9.145,0.0,1.755,2.16,0.0,0.0,0.0,11,1.63,Urban land,Urban land,1
888969,04/08/2020,SAN JUAN CO.,18.4246,-66.0972,0,Heavy Rain,9.145,0.0,1.755,2.16,0.0,0.0,0.0,-2,1.29,Hydraquents,"Hydraquents, saline",1
888974,04/08/2020,LUQUILLO CO.,18.3552,-65.7388,0,Heavy Rain,6.57,1.3,3.29,0.46,3.06,0.635,0.0,45,3.51,Caguabo,"Caguabo clay loam, 20 to 60 percent slopes",0
888975,04/08/2020,FAJARDO CO.,18.3325,-65.6616,0,Heavy Rain,21.965,1.305,1.915,2.505,3.705,0.0,0.0,21,3.02,Urban land,Urban land,0
905696,07/30/2020,CABO ROJO CO.,18.0977,-67.1576,0,Heavy Rain,196.27,5.15,0.045,0.0,2.895,1.875,0.375,28,1.86,Urban land,Urban land,0
905705,07/30/2020,HORMIGUEROS CO.,18.1344,-67.0971,0,Heavy Rain,183.285,3.1,0.0,0.08,6.235,1.595,0.0,36,1.96,Urban land,Urban land,1
905700,07/30/2020,HORMIGUEROS CO.,18.153,-67.1499,0,Heavy Rain,181.215,2.935,0.105,0.08,6.15,1.25,0.0,11,1.06,Urban land,Urban land,1
905711,07/30/2020,CAGUAS CO.,18.1748,-66.0565,0,Heavy Rain,84.94,13.195,0.045,0.0,0.12,0.0,26.55,163,12.59,Mucara,"Mucara clay, 40 to 60 percent slopes",1
905716,07/30/2020,GURABO CO.,18.2662,-65.9914,0,Heavy Rain,80.795,14.0,0.255,0.0,0.34,0.805,25.96,42,0.58,Toa,"Toa silty clay loam, 0 to 2 percent slopes, occasionally flooded",1
905717,07/30/2020,GUANICA CO.,17.9932,-66.9124,0,Heavy Rain,140.455,5.205,0.0,0.0,0.705,0.0,0.805,10,0.0,San Anton,"San Anton clay loam, 0 to 2 percent slopes, occasionally flooded",1
905714,07/30/2020,CAGUAS CO.,18.2498,-66.0281,0,Heavy Rain,94.625,11.76,0.465,0.0,0.295,0.155,23.345,54,0.36,Rio Arriba,"Rio Arriba clay, 2 to 5 percent slopes",1
905772,07/30/2020,MAYAGUEZ CO.,18.1522,-67.1414,0,Heavy Rain,181.215,2.935,0.105,0.08,6.15,1.25,0.0,22,2.94,Urban land,Urban land,1
905774,07/30/2020,CAGUAS CO.,18.2413,-66.0287,0,Heavy Rain,94.625,11.76,0.465,0.0,0.295,0.155,23.345,59,3.19,Urban land,"Urban land-Vega Alta complex, 2 to 12 percent slopes",1
910956,07/30/2020,RINCON CO.,18.3187,-67.194,1,Heavy Rain,143.145,2.655,0.28,0.1,1.69,3.325,0.235,242,15.34,Caguabo,"Caguabo clay loam, 20 to 60 percent slopes",1
910961,07/30/2020,MAYAGUEZ CO.,18.1566,-67.1494,0,Heavy Rain,181.215,2.935,0.105,0.08,6.15,1.25,0.0,8,0.77,Coloso,"Coloso silty clay loam, 0 to 2 percent slopes, occasionally flooded",1
910964,07/30/2020,SAN GERMAN CO.,18.1029,-67.051,0,Heavy Rain,183.285,3.1,0.0,0.08,6.235,1.595,0.0,48,6.05,Mucara,"Mucara loam, 20 to 40 percent slopes",1
910966,07/30/2020,HORMIGUEROS CO.,18.1396,-67.1228,0,Heavy Rain,181.215,2.935,0.105,0.08,6.15,1.25,0.0,23,2.34,Urban land,Urban land,1
910990,07/30/2020,MAYAGUEZ CO.,18.1999,-67.1489,0,Heavy Rain,181.215,2.935,0.105,0.08,6.15,1.25,0.0,2,0.73,Leveled sandy land,Leveled sandy land,1
910974,07/30/2020,MAYAGUEZ CO.,18.2281,-67.1457,0,Heavy Rain,173.475,3.445,0.115,0.0,6.98,5.23,0.12,69,1.55,Consumo,"Consumo clay, 20 to 40 percent slopes",1
910977,07/30/2020,MAYAGUEZ CO.,18.1669,-67.1324,0,Heavy Rain,181.215,2.935,0.105,0.08,6.15,1.25,0.0,21,1.57,Toa,"Toa silty clay loam, 0 to 2 percent slopes, occasionally flooded",1
910989,07/30/2020,GUANICA CO.,17.9732,-66.9077,0,Heavy Rain,140.455,5.205,0.0,0.0,0.705,0.0,0.805,12,0.82,Urban land,Urban land,1
917908,08/22/2020,NAGUABO CO.,18.2156,-65.7822,0,Heavy Rain,112.005,5.855,0.75,0.0,0.0,0.0,0.0,12,3.12,Toa,"Toa silty clay loam, 0 to 2 percent slopes, occasionally flooded",0
917909,08/22/2020,CIALES CO.,18.259,-66.4996,0,Heavy Rain,69.925,17.75,0.0,0.0,0.0,0.0,11.3,292,31.26,Caguabo,"Caguabo-Rock outcrop complex, 20 to 60 percent slopes",1
920634,09/09/2020,SAN JUAN CO.,18.4072,-66.0755,0,Heavy Rain,12.15,4.915,0.0,0.0,0.0,0.385,0.7,6,1.73,Urban land,Urban land,1
920633,09/09/2020,SAN JUAN CO.,18.3967,-66.0697,0,Heavy Rain,1.56,7.93,0.0,0.345,0.0,0.01,4.51,13,1.57,Urban land,Urban land,1
920637,09/09/2020,SAN JUAN CO.,18.4149,-66.0901,0,Heavy Rain,12.15,4.915,0.0,0.0,0.0,0.385,0.7,7,0.93,Urban land,Urban land,1
920639,09/09/2020,SAN JUAN CO.,18.4037,-66.0796,0,Heavy Rain,12.15,4.915,0.0,0.0,0.0,0.385,0.7,11,0.82,Urban land,Urban land,1
920638,09/09/2020,SAN JUAN CO.,18.414,-66.1016,0,Heavy Rain,16.165,3.98,0.0,0.0,0.885,0.0,0.185,8,2.13,Urban land,Urban land,1
920641,09/09/2020,SAN JUAN CO.,18.396,-66.0739,0,Heavy Rain,1.56,7.93,0.0,0.345,0.0,0.01,4.51,34,2.08,Urban land,Urban land,1
920642,09/09/2020,SAN JUAN CO.,18.3947,-66.0463,0,Heavy Rain,1.56,7.93,0.0,0.345,0.0,0.01,4.51,46,3.69,Urban land,Urban land,1
920636,09/09/2020,SAN JUAN CO.,18.3969,-66.0953,0,Heavy Rain,1.56,7.93,0.0,0.345,0.0,0.01,4.51,39,1.88,Urban land,Urban land,1
920640,09/09/2020,SAN JUAN CO.,18.403,-66.0547,0,Heavy Rain,12.15,4.915,0.0,0.0,0.0,0.385,0.7,20,1.96,Urban land,Urban land,1
920643,09/09/2020,SAN JUAN CO.,18.4134,-66.1013,0,Heavy Rain,16.165,3.98,0.0,0.0,0.885,0.0,0.185,9,1.46,Urban land,Urban land,1
920644,09/09/2020,SAN JUAN CO.,18.3955,-66.0537,0,Heavy Rain,1.56,7.93,0.0,0.345,0.0,0.01,4.51,18,3.35,Urban land,Urban land,1
920635,09/09/2020,SAN JUAN CO.,18.3957,-66.0714,0,Heavy Rain,1.56,7.93,0.0,0.345,0.0,0.01,4.51,25,2.58,Urban land,Urban land,1
920692,09/13/2020,ARECIBO CO.,18.4574,-66.742,0,Heavy Rain,16.385,3.32,0.0,0.0,15.35,12.0,2.975,31,1.65,Urban land,Urban land,1
920693,09/13/2020,ARECIBO CO.,18.4677,-66.7521,0,Heavy Rain,16.385,3.32,0.0,0.0,15.35,12.0,2.975,40,1.82,Urban land,Urban land,1
920694,09/13/2020,ARECIBO CO.,18.4532,-66.7466,0,Heavy Rain,16.385,3.32,0.0,0.0,15.35,12.0,2.975,55,3.19,Guerrero,"Guerrero sand, 2 to 12 percent slopes",1
920696,09/13/2020,ARECIBO CO.,18.4669,-66.7271,0,Heavy Rain,16.385,3.32,0.0,0.0,15.35,12.0,2.975,10,3.81,Urban land,Urban land,1
920695,09/13/2020,ARECIBO CO.,18.4601,-66.7474,0,Heavy Rain,16.385,3.32,0.0,0.0,15.35,12.0,2.975,47,1.65,Urban land,Urban land,1
920697,09/13/2020,ARECIBO CO.,18.4417,-66.717,0,Heavy Rain,16.385,3.32,0.0,0.0,15.35,12.0,2.975,9,0.52,Coloso,"Coloso silty clay, 0 to 2 percent slopes, occasionally flooded",1
920698,09/13/2020,ARECIBO CO.,18.4653,-66.7233,0,Heavy Rain,16.385,3.32,0.0,0.0,15.35,12.0,2.975,6,0.36,Urban land,Urban land,1
920699,09/13/2020,HATILLO CO.,18.4244,-66.7876,0,Heavy Rain,16.385,3.32,0.0,0.0,15.35,12.0,2.975,141,1.88,Bayamon,"Bayamon sandy clay loam, 5 to 12 percent slopes",1
920700,09/13/2020,ARECIBO CO.,18.4638,-66.7568,0,Heavy Rain,16.385,3.32,0.0,0.0,15.35,12.0,2.975,38,2.2,Espinosa,"Espinosa sandy loam, 2 to 5 percent slopes",1
921014,09/13/2020,ARECIBO CO.,18.4826,-66.7662,1,Heavy Rain,16.385,3.32,0.0,0.0,15.35,12.0,2.975,8,1.29,Carrizales,"Carrizales fine sand, 2 to 12 percent slopes",1
924296,10/14/2020,UTUADO CO.,18.2684,-66.7025,0,Heavy Rain,13.92,2.08,7.16,3.77,11.17,0.0,0.0,151,5.71,Urban land,Urban land,1
924297,10/16/2020,NAGUABO CO.,18.2161,-65.7781,0,Heavy Rain,41.27,3.24,3.44,0.08,0.365,18.78,1.63,10,0.58,Toa,"Toa silty clay loam, 0 to 2 percent slopes, occasionally flooded",0
924298,10/17/2020,YABUCOA CO.,18.0604,-65.8765,0,Heavy Rain,16.55,24.69,5.295,2.32,0.265,0.0,10.975,13,1.29,Reilly,Reilly soils,0
924299,10/18/2020,UTUADO CO.,18.2693,-66.7013,0,Heavy Rain,14.095,1.365,5.36,6.74,13.92,2.08,7.16,147,2.38,Lirios,"Lirios clay loam, 40 to 60 percent slopes",1
930414,11/08/2020,HUMACAO CO.,18.1867,-65.817,0,Heavy Rain,50.57,0.405,0.385,0.165,0.295,1.065,3.91,39,1.65,Rio Arriba,"Rio Arriba clay, 2 to 5 percent slopes",1
929820,11/08/2020,GUAYAMA CO.,17.974,-66.1101,0,Heavy Rain,47.035,1.46,1.225,0.0,0.34,3.01,3.365,34,0.58,Urban land,Urban land,0
929838,11/08/2020,LAS PIEDRAS CO.,18.2021,-65.8481,0,Heavy Rain,29.92,1.48,0.725,1.2,0.195,0.0,0.415,184,14.98,Pandura,"Pandura loam, 40 to 60 percent slopes",1
929849,11/08/2020,LAS PIEDRAS CO.,18.2199,-65.8319,0,Heavy Rain,29.92,1.48,0.725,1.2,0.195,0.0,0.415,94,0.52,Mabi,"Mabi clay, 0 to 5 percent slopes, rarely flooded",1
929851,11/08/2020,GUAYAMA CO.,17.9758,-66.1112,0,Heavy Rain,47.035,1.46,1.225,0.0,0.34,3.01,3.365,36,0.73,Urban land,Urban land,0
929856,11/08/2020,LAS PIEDRAS CO.,18.1892,-65.8715,0,Heavy Rain,50.57,0.405,0.385,0.165,0.295,1.065,3.91,117,6.02,Pandura,"Pandura loam, 12 to 40 percent slopes",1
929858,11/08/2020,LAS PIEDRAS CO.,18.2253,-65.8605,0,Heavy Rain,29.92,1.48,0.725,1.2,0.195,0.0,0.415,84,1.5,Urban land,"Urban land-Reilly, frequently flooded complex, 0 to 2 percent slopes",1
929949,11/11/2020,HUMACAO CO.,18.124,-65.8533,0,Heavy Rain,52.015,76.32,46.405,50.57,0.405,0.385,0.165,162,5.15,Pandura,"Pandura loam, 40 to 60 percent slopes",1
929952,11/11/2020,NAGUABO CO.,18.2184,-65.773,0,Heavy Rain,51.035,70.39,55.65,33.49,0.68,4.175,1.525,62,11.46,Sabana,"Sabana silty clay loam, 40 to 60 percent slopes",0
929956,11/11/2020,PATILLAS CO.,17.9864,-65.9985,0,Heavy Rain,63.085,67.615,39.96,35.705,0.225,0.09,0.14,34,12.41,Pandura,"Pandura loam, 40 to 60 percent slopes",0
930376,11/11/2020,ARROYO CO.,18.004,-65.906,0,Heavy Rain,51.845,66.605,41.08,38.14,0.0,0.855,0.0,9,0.77,Urban land,"Urban land-Talante, occasionally flooded complex, 0 to 2 percent slopes",0
930377,11/11/2020,LAS PIEDRAS CO.,18.2337,-65.8588,0,Heavy Rain,36.565,82.73,40.32,29.92,1.48,0.725,1.2,96,2.2,Mabi,"Mabi clay, 0 to 5 percent slopes, rarely flooded",1
950883,03/20/2021,TOA BAJA CO.,18.4425,-66.1666,0,Heavy Rain,0.0,0.0,0.0,0.0,0.0,0.0,0.0,4,0.36,Urban land,Urban land-Sabana Seca complex,1
950886,03/20/2021,TOA BAJA CO.,18.4498,-66.1893,0,Heavy Rain,0.0,0.0,0.0,0.0,0.0,0.0,0.0,3,0.36,Saladar,Saladar muck,1
950889,03/20/2021,TOA BAJA CO.,18.4516,-66.173,0,Heavy Rain,0.0,0.0,0.0,0.0,0.0,0.0,0.0,2,1.39,Tropopsamments,Tropopsamments,1
950891,03/20/2021,CATANO CO.,18.4388,-66.1394,0,Heavy Rain,0.0,0.0,0.0,0.0,0.0,0.0,0.0,0,0.36,Urban land,Urban land-Sabana Seca complex,1
950897,03/24/2021,GUAYNABO CO.,18.3962,-66.1079,0,Heavy Rain,0.415,0.0,0.0,0.0,0.0,0.0,0.0,26,2.08,Urban land,"Urban land-Vega Alta complex, 2 to 12 percent slopes",1
956004,04/07/2021,LOIZA CO.,18.3871,-65.8732,0,Heavy Rain,7.75,1.075,0.0,0.0,0.41,5.46,0.0,9,1.15,Rio Arriba,"Rio Arriba clay, 2 to 5 percent slopes",1
956169,04/07/2021,CANOVANAS CO.,18.3993,-65.9082,0,Heavy Rain,7.92,0.32,0.0,0.0,0.0,1.04,0.0,0,0.36,Coloso,"Coloso silty clay loam, 0 to 2 percent slopes, occasionally flooded",1
962022,05/23/2021,HUMACAO CO.,18.1479,-65.7999,0,Heavy Rain,87.8,0.235,0.49,0.0,3.98,0.0,0.0,11,0.93,Talante,Talante soils,0
959320,05/23/2021,NAGUABO CO.,18.2306,-65.8207,0,Heavy Rain,79.05,0.0,0.0,0.0,0.0,0.0,0.0,293,10.13,Naranjito,"Naranjito silty clay loam, 40 to 60 percent slopes",1
959321,05/23/2021,HUMACAO CO.,18.1145,-65.8013,0,Heavy Rain,76.38,0.0,0.0,0.0,0.0,0.0,0.0,17,0.93,Urban land,Urban land,1
959322,05/23/2021,HUMACAO CO.,18.1606,-65.7657,0,Heavy Rain,87.8,0.235,0.49,0.0,3.98,0.0,0.0,2,1.29,Aguadilla,Aguadilla loamy sand,0
966049,06/09/2021,BAYAMON CO.,18.348,-66.1409,0,Heavy Rain,40.735,26.725,47.235,0.04,13.3,0.01,0.01,46,2.43,Mucara,"Mucara clay, 40 to 60 percent slopes",1
966052,06/09/2021,BAYAMON CO.,18.3514,-66.1428,0,Heavy Rain,40.735,26.725,47.235,0.04,13.3,0.01,0.01,43,1.65,Made land,Made land,1
966056,06/09/2021,GUAYNABO CO.,18.4057,-66.1084,0,Heavy Rain,63.9,17.275,21.635,0.05,30.805,0.0,0.5,34,0.26,Urban land,Urban land,1
966381,06/09/2021,NAGUABO CO.,18.2218,-65.6894,0,Heavy Rain,38.17,15.775,12.465,3.24,5.205,0.545,1.265,23,3.83,Toa,"Toa silty clay loam, 0 to 2 percent slopes, occasionally flooded",0
967171,06/09/2021,HUMACAO CO.,18.1492,-65.7912,0,Heavy Rain,40.935,31.835,20.725,9.83,2.925,0.965,1.735,9,0.93,Fortuna,Fortuna clay,0
967286,06/10/2021,CAROLINA CO.,18.374,-65.9262,0,Heavy Rain,16.615,58.8,29.58,47.9,0.08,2.32,0.76,13,0.58,Mabi,"Mabi clay, 0 to 5 percent slopes, rarely flooded",1
968805,06/10/2021,SAN JUAN CO.,18.4517,-66.0691,0,Heavy Rain,36.76,66.04,21.96,28.115,1.335,8.295,0.575,4,0.77,Urban land,Urban land,1
968804,06/10/2021,SAN JUAN CO.,18.4468,-66.0523,0,Heavy Rain,36.76,66.04,21.96,28.115,1.335,8.295,0.575,4,0.58,Urban land,Urban land,1
968808,06/10/2021,SAN JUAN CO.,18.4466,-66.0505,0,Heavy Rain,36.76,66.04,21.96,28.115,1.335,8.295,0.575,1,1.15,Urban land,Urban land,1
968809,06/10/2021,CAROLINA CO.,18.4407,-66.0288,0,Heavy Rain,36.76,66.04,21.96,28.115,1.335,8.295,0.575,3,0.36,Urban land,Urban land,1
968810,06/10/2021,CANOVANAS CO.,18.3794,-65.8905,0,Heavy Rain,24.76,93.52,28.37,35.13,0.58,2.23,0.69,12,0.0,Mabi,"Mabi clay, 0 to 5 percent slopes, rarely flooded",1
968820,06/10/2021,RIO GRANDE CO.,18.3598,-65.7709,0,Heavy Rain,14.66,77.745,24.33,28.115,3.015,3.285,0.685,27,6.78,Caguabo,"Caguabo clay loam, 20 to 60 percent slopes",0
968840,06/10/2021,RIO GRANDE CO.,18.3733,-65.8721,0,Heavy Rain,24.76,93.52,28.37,35.13,0.58,2.23,0.69,20,0.93,Rio Arriba,"Rio Arriba clay, 2 to 5 percent slopes",1
968839,06/10/2021,RIO GRANDE CO.,18.3514,-65.8208,0,Heavy Rain,24.76,93.52,28.37,35.13,0.58,2.23,0.69,42,4.92,Caguabo,"Caguabo clay loam, 20 to 60 percent slopes",1
968837,06/10/2021,RIO GRANDE CO.,18.3739,-65.798,0,Heavy Rain,14.66,77.745,24.33,28.115,3.015,3.285,0.685,11,4.19,Caguabo,"Caguabo clay loam, 20 to 60 percent slopes",0
968835,06/10/2021,RIO GRANDE CO.,18.3635,-65.8088,0,Heavy Rain,24.76,93.52,28.37,35.13,0.58,2.23,0.69,48,4.4,Rubble land,"Rubble land-Pandura complex, 40 to 60 percent slopes",1
968834,06/10/2021,RIO GRANDE CO.,18.3518,-65.7877,0,Heavy Rain,14.66,77.745,24.33,28.115,3.015,3.285,0.685,234,3.65,Caguabo,"Caguabo clay loam, 20 to 60 percent slopes",0
968876,06/27/2021,NAGUABO CO.,18.22,-65.7857,0,Heavy Rain,62.535,29.95,0.62,0.45,0.0,2.155,2.965,15,0.52,Toa,"Toa silty clay loam, 0 to 2 percent slopes, occasionally flooded",0
968881,06/27/2021,NAGUABO CO.,18.2136,-65.7802,0,Heavy Rain,62.535,29.95,0.62,0.45,0.0,2.155,2.965,10,1.29,Toa,"Toa silty clay loam, 0 to 2 percent slopes, occasionally flooded",0
975935,08/02/2021,SAN JUAN CO.,18.3942,-66.0964,0,Heavy Rain,10.95,0.0,0.0,0.0,0.0,5.435,0.0,33,2.06,Urban land,Urban land,1
975940,08/02/2021,SAN JUAN CO.,18.3972,-66.0847,0,Heavy Rain,10.95,0.0,0.0,0.0,0.0,5.435,0.0,16,0.93,Urban land,Urban land,1
975939,08/04/2021,SAN JUAN CO.,18.4013,-66.0925,0,Heavy Rain,9.375,0.0,0.29,0.0,0.45,0.0,1.065,39,1.15,Urban land,Urban land,1
976064,09/03/2021,ARECIBO CO.,18.4623,-66.7251,0,Heavy Rain,15.055,0.24,5.255,9.285,0.0,0.0,0.23,5,0.82,Urban land,Urban land,1
981381,09/21/2021,VEGA BAJA CO.,18.3901,-66.3807,0,Heavy Rain,18.855,16.375,1.17,0.0,0.39,2.875,8.54,135,7.46,Jobos,"Jobos sandy loam, 2 to 12 percent slopes",1
981380,09/21/2021,VEGA BAJA CO.,18.4468,-66.4099,0,Heavy Rain,28.355,12.06,0.0,0.0,0.36,2.905,7.89,18,2.43,Algarrobo,"Algarrobo fine sand, 2 to 12 percent slopes",1
986664,10/02/2021,ARROYO CO.,17.9619,-66.0638,0,Heavy Rain,49.71,3.515,0.0,1.71,0.0,0.79,0.0,3,1.63,Urban land,Urban land,0
987108,10/13/2021,SAN JUAN CO.,18.3549,-66.0415,0,Heavy Rain,22.87,8.635,41.515,6.78,0.0,0.035,0.0,108,4.59,Humatas,"Humatas clay, 20 to 40 percent slopes",1
987883,10/16/2021,SAN JUAN CO.,18.4183,-66.0908,0,Heavy Rain,10.345,26.255,4.98,21.57,5.01,47.28,9.335,10,0.0,Urban land,Urban land,1
987884,10/16/2021,SAN JUAN CO.,18.3779,-66.0529,0,Heavy Rain,11.505,17.85,3.705,22.87,8.635,41.515,6.78,29,2.01,Urban land,"Urban land-Vega Alta complex, 2 to 12 percent slopes",1
987885,10/16/2021,SAN JUAN CO.,18.4012,-66.0852,0,Heavy Rain,10.345,26.255,4.98,21.57,5.01,47.28,9.335,19,1.73,Urban land,Urban land,1
987886,10/16/2021,SAN JUAN CO.,18.4082,-66.0713,0,Heavy Rain,10.345,26.255,4.98,21.57,5.01,47.28,9.335,7,1.57,Bajura,"Bajura clay, 0 to 2 percent slopes, frequently flooded",1
988231,10/18/2021,SAN GERMAN CO.,18.0754,-67.0338,0,Heavy Rain,7.12,0.97,0.0,21.405,2.165,1.04,10.27,77,8.32,El Cacique,"El Cacique-La Taina complex, 20 to 60 percent slopes, very stony",0
988251,10/20/2021,SAN JUAN CO.,18.3992,-66.0875,0,Heavy Rain,10.12,0.0,0.0,12.085,11.505,17.85,3.705,23,1.57,Urban land,Urban land,1
988256,10/20/2021,SAN JUAN CO.,18.3584,-66.0453,0,Heavy Rain,10.12,0.0,0.0,12.085,11.505,17.85,3.705,94,3.23,Urban land,"Urban land-Vega Alta complex, 2 to 12 percent slopes",1
988257,10/20/2021,SAN JUAN CO.,18.3547,-66.0501,0,Heavy Rain,10.12,0.0,0.0,12.085,11.505,17.85,3.705,85,3.19,Humatas,"Humatas clay, 40 to 60 percent slopes",1
999057,01/31/2022,GUAYNABO CO.,18.367,-66.1234,0,Heavy Rain,0.58,0.0,0.0,0.0,0.0,0.0,0.0,32,1.5,Rio Piedras,"Rio Piedras clay, 20 to 40 percent slopes, eroded",1
999058,01/31/2022,GUAYNABO CO.,18.3991,-66.1072,0,Heavy Rain,0.58,0.0,0.0,0.0,0.0,0.0,0.0,20,2.85,Urban land,Urban land,1
999059,01/31/2022,SAN JUAN CO.,18.3865,-66.0956,0,Heavy Rain,0.58,0.0,0.0,0.0,0.0,0.0,0.0,32,1.29,Urban land,"Urban land-Vega Alta complex, 2 to 12 percent slopes",1
999064,01/31/2022,GUAYNABO CO.,18.3632,-66.0915,0,Heavy Rain,0.58,0.0,0.0,0.0,0.0,0.0,0.0,50,3.65,Urban land,"Urban land-Vega Alta complex, 2 to 12 percent slopes",1
999063,01/31/2022,SAN JUAN CO.,18.3543,-66.0745,0,Heavy Rain,0.58,0.0,0.0,0.0,0.0,0.0,0.0,105,1.88,Humatas,"Humatas clay, 20 to 40 percent slopes",1
999062,01/31/2022,GUAYNABO CO.,18.3733,-66.1058,0,Heavy Rain,0.58,0.0,0.0,0.0,0.0,0.0,0.0,39,1.63,Urban land,"Urban land-Vega Alta complex, 2 to 12 percent slopes",1
999060,01/31/2022,SAN JUAN CO.,18.3931,-66.084,0,Heavy Rain,0.58,0.0,0.0,0.0,0.0,0.0,0.0,24,2.01,Urban land,Urban land,1
999061,01/31/2022,GUAYNABO CO.,18.3994,-66.1057,0,Heavy Rain,0.58,0.0,0.0,0.0,0.0,0.0,0.0,27,4.64,Urban land,Urban land,1
1008918,02/01/2022,ADJUNTAS CO.,18.3424,-66.3206,0,Heavy Rain,39.345,0.0,0.0,0.0,0.0,0.0,0.0,82,3.3,Urban land,"Urban land-Vega Alta complex, 2 to 12 percent slopes",1
1008919,02/01/2022,VEGA ALTA CO.,18.4,-66.3459,0,Heavy Rain,39.345,0.0,0.0,0.0,0.0,0.0,0.0,34,7.16,Colinas,"Colinas clay loam, 40 to 60 percent slopes",1
1007653,02/04/2022,NARANJITO CO.,18.29,-66.25,0,Heavy Rain,41.66,8.015,0.0,10.735,0.0,0.0,0.0,443,7.99,Mucara,"Mucara clay, 40 to 60 percent slopes",1
1007654,02/05/2022,TOA BAJA CO.,18.44,-66.25,0,Heavy Rain,91.815,50.19,8.615,0.0,3.855,0.765,0.0,6,0.58,Bajura,"Bajura clay, 0 to 2 percent slopes, frequently flooded",1
1008911,02/05/2022,BAYAMON CO.,18.42,-66.19,0,Heavy Rain,91.65,32.48,7.315,0.0,2.76,15.845,0.0,56,6.28,Tanama,"Tanama-Rock outcrop complex, 20 to 60 percent slopes",1
1008917,02/05/2022,BAYAMON CO.,18.4078,-66.1917,0,Heavy Rain,91.65,32.48,7.315,0.0,2.76,15.845,0.0,62,1.39,Urban land,"Urban land-Vega Alta complex, 2 to 12 percent slopes",1
1007657,02/05/2022,SAN JUAN CO.,18.4651,-66.1096,0,Heavy Rain,91.65,32.48,7.315,0.0,2.76,15.845,0.0,8,3.87,Urban land,Urban land,1
1007659,02/05/2022,TOA BAJA CO.,18.42,-66.22,0,Heavy Rain,91.815,50.19,8.615,0.0,3.855,0.765,0.0,60,8.7,Tanama,"Tanama-Rock outcrop complex, 20 to 60 percent slopes",1
1007662,02/05/2022,SAN JUAN CO.,18.41,-66.08,0,Heavy Rain,71.0,48.405,16.255,0.0,0.52,28.405,0.0,14,2.31,Urban land,Urban land,1
1007665,02/05/2022,BAYAMON CO.,18.3811,-66.1474,0,Heavy Rain,56.38,56.795,4.785,0.0,5.725,0.58,0.0,26,1.15,Urban land,"Urban land-Vega Alta complex, 2 to 12 percent slopes",1
1007666,02/05/2022,TOA BAJA CO.,18.4,-66.21,0,Heavy Rain,61.95,41.14,4.81,0.0,6.92,0.0,0.0,76,1.32,Urban land,"Urban land-Vega Alta complex, 2 to 12 percent slopes",1
1007667,02/05/2022,BAYAMON CO.,18.42,-66.17,0,Heavy Rain,91.65,32.48,7.315,0.0,2.76,15.845,0.0,12,0.58,Urban land,Urban land-Sabana Seca complex,1
1007668,02/05/2022,VEGA ALTA CO.,18.4129,-66.3304,0,Heavy Rain,87.09,87.435,5.37,0.79,8.575,0.0,0.0,32,1.29,Urban land,Urban land,1
1007669,02/05/2022,TOA BAJA CO.,18.4179,-66.2258,0,Heavy Rain,91.815,50.19,8.615,0.0,3.855,0.765,0.0,46,7.35,Tanama,"Tanama-Rock outcrop complex, 20 to 60 percent slopes",1
1007672,02/05/2022,TOA BAJA CO.,18.3972,-66.2077,0,Heavy Rain,61.95,41.14,4.81,0.0,6.92,0.0,0.0,89,3.12,Lares,"Lares clay, 5 to 12 percent slopes, eroded",1
1007673,02/05/2022,VEGA ALTA CO.,18.42,-66.32,0,Heavy Rain,87.09,87.435,5.37,0.79,8.575,0.0,0.0,43,5.82,Bayamon,"Bayamon clay, 2 to 5 percent slopes",1
1031763,05/03/2022,BAYAMON CO.,18.4037,-66.157,0,Heavy Rain,8.46,6.56,36.145,40.35,0.0,0.0,0.0,1,1.57,Toa,"Toa silty clay loam, 0 to 2 percent slopes, occasionally flooded",1
1031764,05/03/2022,GUAYNABO CO.,18.42,-66.1,0,Heavy Rain,8.46,6.56,36.145,40.35,0.0,0.0,0.0,5,2.85,Urban land,Urban land,1
1031781,05/03/2022,SAN JUAN CO.,18.4172,-66.0881,0,Heavy Rain,51.085,6.34,32.31,45.565,0.0,0.0,0.0,6,1.86,Urban land,Urban land,1
1031765,05/03/2022,GUAYNABO CO.,18.41,-66.1,0,Heavy Rain,8.46,6.56,36.145,40.35,0.0,0.0,0.0,17,4.16,Urban land,Urban land,1
1031766,05/03/2022,CAROLINA CO.,18.3824,-65.9723,0,Heavy Rain,17.505,5.385,42.86,75.965,0.0,0.0,0.0,13,0.73,Urban land,Urban land,1
1031767,05/03/2022,BAYAMON CO.,18.39,-66.13,0,Heavy Rain,9.91,3.96,29.39,62.1,0.0,0.0,0.0,24,2.13,Daguey,"Daguey clay, 12 to 20 percent slopes",1
1031768,05/03/2022,BAYAMON CO.,18.398,-66.137,0,Heavy Rain,9.91,3.96,29.39,62.1,0.0,0.0,0.0,19,0.73,Urban land,"Urban land-Vega Alta complex, 2 to 12 percent slopes",1
1032059,05/25/2022,OROCOVIS CO.,18.2104,-66.4235,0,Heavy Rain,20.41,14.19,12.04,5.42,0.0,0.0,0.0,810,12.12,Maricao,"Maricao clay, 20 to 60 percent slopes",1
1045044,07/02/2022,FAJARDO CO.,18.32,-65.65,0,Heavy Rain,73.43,0.0,1.15,0.225,0.0,0.0,0.0,7,3.09,Toa,"Toa silty clay loam, 0 to 2 percent slopes, occasionally flooded",0
1045050,07/02/2022,NAGUABO CO.,18.214,-65.7084,0,Heavy Rain,166.835,0.0,0.385,0.19,0.015,0.0,2.12,16,4.73,Daguao,"Daguao clay, 20 to 40 percent slopes, eroded",0
1045052,07/02/2022,FAJARDO CO.,18.3217,-65.6517,0,Heavy Rain,73.43,0.0,1.15,0.225,0.0,0.0,0.0,7,0.36,Toa,"Toa silty clay loam, 0 to 2 percent slopes, occasionally flooded",0
1045079,07/10/2022,BAYAMON CO.,18.3899,-66.1659,0,Heavy Rain,50.115,0.0,0.0,23.88,9.085,0.375,0.48,37,0.52,Urban land,"Urban land-Vega Alta complex, 2 to 12 percent slopes",1
1045081,07/10/2022,BAYAMON CO.,18.3924,-66.159,0,Heavy Rain,50.115,0.0,0.0,23.88,9.085,0.375,0.48,14,2.08,Urban land,"Urban land-Vega Alta complex, 2 to 12 percent slopes",1
1045082,07/10/2022,BAYAMON CO.,18.3991,-66.188,0,Heavy Rain,50.115,0.0,0.0,23.88,9.085,0.375,0.48,39,2.34,Urban land,"Urban land-Vega Alta complex, 2 to 12 percent slopes",1
1045088,07/10/2022,BAYAMON CO.,18.3995,-66.158,0,Heavy Rain,50.115,0.0,0.0,23.88,9.085,0.375,0.48,5,0.0,Urban land,"Urban land-Vega Alta complex, 2 to 12 percent slopes",1
1045090,07/10/2022,BAYAMON CO.,18.4057,-66.1846,0,Heavy Rain,27.085,0.66,0.22,57.02,8.075,0.73,0.29,64,2.74,Urban land,"Urban land-Vega Alta complex, 2 to 12 percent slopes",1
1045215,08/16/2022,GUAYNABO CO.,18.4084,-66.1075,0,Heavy Rain,10.39,10.855,1.58,0.0,0.44,0.38,0.0,16,2.31,Urban land,Urban land,1
1045216,08/16/2022,GUAYNABO CO.,18.409,-66.1058,0,Heavy Rain,10.39,10.855,1.58,0.0,0.44,0.38,0.0,16,0.77,Urban land,Urban land,1
1045253,08/21/2022,TRUJILLO ALTO CO.,18.368,-66.0142,0,Heavy Rain,2.77,0.915,3.385,10.39,25.095,4.13,1.55,54,3.44,Rio Piedras,"Rio Piedras clay, 12 to 20 percent slopes, eroded",1
1045482,08/22/2022,SAN JUAN CO.,18.4125,-66.0214,0,Heavy Rain,16.21,0.93,2.495,0.37,7.7,1.785,1.805,4,0.58,Urban land,Urban land,1
1045494,08/22/2022,SAN JUAN CO.,18.3953,-66.0332,0,Heavy Rain,17.845,2.77,0.915,3.385,10.39,25.095,4.13,36,1.32,Urban land,Urban land,1
1055759,09/04/2022,CEIBA CO.,18.2268,-65.6874,0,Heavy Rain,32.53,0.835,0.0,0.43,0.0,0.01,0.0,66,11.18,Daguao,"Daguao clay, 20 to 40 percent slopes, eroded",0
1055748,09/04/2022,CEIBA CO.,18.2313,-65.6208,0,Heavy Rain,32.53,0.835,0.0,0.43,0.0,0.01,0.0,6,1.46,Made land,Made land,0
1055770,09/06/2022,NARANJITO CO.,18.2793,-66.2394,0,Heavy Rain,7.49,8.14,19.83,10.77,0.0,0.26,4.67,460,9.98,Mucara,"Mucara clay, 40 to 60 percent slopes",1
1055794,09/07/2022,BAYAMON CO.,18.4422,-66.3735,0,Heavy Rain,6.935,0.92,9.72,6.715,11.55,0.135,0.0,44,4.64,Rock outcrop,"Rock outcrop-Tanama complex, 12 to 60 percent slopes",1
1055793,09/07/2022,VEGA BAJA CO.,18.4427,-66.3722,0,Heavy Rain,6.935,0.92,9.72,6.715,11.55,0.135,0.0,31,4.73,Rock outcrop,"Rock outcrop-Tanama complex, 12 to 60 percent slopes",1
1055800,09/09/2022,SAN JUAN CO.,18.4512,-66.0615,0,Heavy Rain,0.0,3.975,8.79,3.0,9.945,4.51,13.33,11,2.32,Urban land,Urban land,1
1055799,09/09/2022,SAN JUAN CO.,18.4512,-66.0615,0,Heavy Rain,0.0,3.975,8.79,3.0,9.945,4.51,13.33,11,2.32,Urban land,Urban land,1
1058489,09/18/2022,PATILLAS CO.,18.0,-66.01,0,Heavy Rain / Tropical System,175.215,7.505,3.155,0.005,0.86,0.0,0.015,18,2.08,Parcelas,"Parcelas clay, 5 to 12 percent slopes, eroded",0
1058495,09/18/2022,SALINAS CO.,17.983,-66.2254,0,Heavy Rain / Tropical System,190.59,4.785,0.345,0.0,0.28,0.0,0.02,16,0.93,Paso Seco,"Paso Seco clay, 0 to 5 percent slopes",0
1058497,09/18/2022,PATILLAS CO.,18.0,-65.99,0,Heavy Rain / Tropical System,205.58,12.24,3.55,0.04,1.52,0.0,0.0,48,5.21,Parcelas,"Parcelas clay, 5 to 12 percent slopes, eroded",0
1058498,09/18/2022,SAN LORENZO CO.,18.19,-65.96,0,Heavy Rain / Tropical System,188.045,13.82,8.15,0.0,0.0,0.0,0.905,90,3.14,Urban land,"Urban land-Mucara complex, 12 to 40 percent slopes",1
1058510,09/18/2022,ISABELA CO.,18.5008,-67.0242,0,Heavy Rain / Tropical System,78.49,0.97,4.935,0.0,0.08,2.14,16.825,76,1.39,Urban land,Urban land,1
1058512,09/18/2022,BARRANQUITAS CO.,18.1665,-66.317,0,Heavy Rain / Tropical System,123.8,7.69,3.675,0.0,0.26,0.005,5.045,606,6.22,Mucara,"Mucara clay, 40 to 60 percent slopes",1
1058513,09/18/2022,UTUADO CO.,18.27,-66.72,0,Heavy Rain / Tropical System,68.045,5.5,3.59,0.05,0.0,2.01,28.595,163,6.1,Pellejas,"Pellejas clay loam, 40 to 60 percent slopes",1
1058523,09/18/2022,CAGUAS CO.,18.24,-66.06,0,Heavy Rain / Tropical System,131.6,13.34,5.87,0.12,0.0,0.0,0.535,81,0.77,Rio Arriba,"Rio Arriba clay, 2 to 5 percent slopes",1
1058525,09/18/2022,PONCE CO.,17.99,-66.63,0,Heavy Rain / Tropical System,99.68,1.715,1.185,0.275,0.0,0.105,0.96,7,1.63,Urban land,Urban land,1
1058544,09/18/2022,ADJUNTAS CO.,18.44,-66.71,0,Heavy Rain / Tropical System,93.275,4.81,3.79,0.11,0.0,3.91,3.825,10,1.32,Toa,"Toa silty clay loam, 0 to 2 percent slopes, occasionally flooded",1
1058548,09/18/2022,CIDRA CO.,18.15,-66.2,0,Heavy Rain / Tropical System,138.51,8.87,2.92,0.0,0.125,0.0,7.47,388,24.72,Caguabo,"Caguabo clay loam, 40 to 60 percent slopes",1
1141220,09/18/2022,TOA BAJA CO.,18.4099,-66.2597,1,Heavy Rain,109.93,6.56,2.375,0.0,0.265,0.005,0.19,8,0.82,Toa,"Toa silty clay loam, 0 to 2 percent slopes, occasionally flooded",1
1058554,09/18/2022,SALINAS CO.,17.9787,-66.2237,0,Heavy Rain / Tropical System,190.59,4.785,0.345,0.0,0.28,0.0,0.02,9,0.58,Paso Seco,"Paso Seco clay, 0 to 5 percent slopes",0
1058580,09/19/2022,HORMIGUEROS CO.,18.1524,-67.1492,0,Heavy Rain / Tropical System,78.985,106.475,1.715,3.405,0.42,0.335,0.0,9,1.29,Urban land,Urban land,1
1058569,09/19/2022,HORMIGUEROS CO.,18.1514,-67.1454,0,Heavy Rain / Tropical System,78.985,106.475,1.715,3.405,0.42,0.335,0.0,9,0.93,Urban land,Urban land,1
1058562,09/19/2022,FAJARDO CO.,18.33,-65.66,0,Heavy Rain / Tropical System,95.795,97.23,7.73,3.895,0.0,0.0,0.0,23,2.58,Urban land,Urban land,0
1058560,09/19/2022,ADJUNTAS CO.,18.28,-67.15,0,Heavy Rain / Tropical System,67.365,77.78,3.38,5.98,0.515,0.43,0.0,9,1.63,Lares,"Lares clay, 0 to 5 percent slopes, eroded",1
1141219,09/19/2022,COMERIO CO.,18.2492,-66.191,1,Heavy Rain,84.99,137.005,11.885,6.18,0.24,0.0,0.0,374,7.95,Naranjito,"Naranjito silty clay loam, 40 to 60 percent slopes",1
1059579,10/02/2022,DORAD CO.,18.4092,-66.2988,0,Heavy Rain,16.14,1.275,0.63,4.005,0.0,0.505,0.19,79,7.63,Tanama,"Tanama-Rock outcrop complex, 20 to 60 percent slopes",1
1059583,10/02/2022,DORAD CO.,18.4304,-66.2933,0,Heavy Rain,16.14,1.275,0.63,4.005,0.0,0.505,0.19,34,2.43,Bayamon,"Bayamon clay, 2 to 5 percent slopes",1
1059589,10/04/2022,GUAYNABO CO.,18.3893,-66.1099,0,Heavy Rain,3.965,0.0,3.79,1.615,0.565,1.9,1.49,43,1.96,Urban land,"Urban land-Vega Alta complex, 2 to 12 percent slopes",1
1059609,10/10/2022,BAYAMON CO.,18.3703,-66.1705,0,Heavy Rain,2.415,16.265,0.35,3.1,0.0,0.1,3.965,37,2.2,Urban land,"Urban land-Vega Alta complex, 2 to 12 percent slopes",1
1059610,10/10/2022,GUAYNABO CO.,18.3793,-66.1184,0,Heavy Rain,2.415,16.265,0.35,3.1,0.0,0.1,3.965,72,11.17,Yunes,"Yunes silty clay loam, 40 to 60 percent slopes",1
1059612,10/10/2022,BAYAMON CO.,18.393,-66.1436,0,Heavy Rain,2.415,16.265,0.35,3.1,0.0,0.1,3.965,16,1.29,Urban land,"Urban land-Vega Alta complex, 2 to 12 percent slopes",1
1059672,10/27/2022,PONCE CO.,18.012,-66.6303,0,Heavy Rain,46.615,36.17,1.815,0.195,2.405,3.465,0.825,17,1.57,Urban land,Urban land,1
1059674,10/27/2022,GUAYAMA CO.,17.9587,-66.1765,0,Heavy Rain,49.59,51.63,0.725,0.0,0.0,0.29,0.0,14,1.03,Poncena,Poncena clay,0
1059677,10/27/2022,PONCE CO.,18.0194,-66.5605,0,Heavy Rain,54.335,34.915,0.46,0.0,1.7,2.845,0.12,24,3.69,Cintrona,Cintrona clay,1
1059678,10/27/2022,RIO GRANDE CO.,18.3835,-65.7916,0,Heavy Rain,76.055,60.22,1.23,1.685,1.09,0.16,0.0,5,2.01,Mabi,"Mabi clay, 5 to 12 percent slopes",0
1059679,10/27/2022,JUNCOS CO.,18.2284,-65.916,0,Heavy Rain,61.47,57.5,0.765,0.0,0.14,0.56,0.12,64,2.79,Vivi,Vivi loam,1
1059680,10/27/2022,PATILLAS CO.,18.0304,-66.0453,0,Heavy Rain,59.025,56.82,1.575,0.0,0.0,1.51,0.6,351,17.24,Pandura,"Pandura loam, 40 to 60 percent slopes",0
1059681,10/27/2022,PATILLAS CO.,18.0367,-66.0141,0,Heavy Rain,59.025,56.82,1.575,0.0,0.0,1.51,0.6,215,19.59,Patillas,"Patillas clay loam, 20 to 40 percent slopes, eroded",0
1059682,10/27/2022,NAGUABO CO.,18.2144,-65.7708,0,Heavy Rain,72.81,59.87,1.59,0.0,0.785,0.205,0.77,11,1.09,Fortuna,Fortuna clay,0
1059688,10/30/2022,SALINAS CO.,18.0056,-66.2214,0,Heavy Rain,36.215,8.89,11.805,45.27,41.68,0.02,0.0,77,2.88,Coamo,"Coamo clay loam, 2 to 5 percent slopes",0
1063893,11/05/2022,SALINAS CO.,17.9743,-66.2702,0,Heavy Rain,94.26,22.18,0.245,0.0,0.0,4.325,44.285,13,0.52,Fraternidad,"Fraternidad clay, 0 to 2 perecent slopes",0
1063894,11/05/2022,SALINAS CO.,17.9916,-66.2834,0,Heavy Rain,94.26,22.18,0.245,0.0,0.0,4.325,44.285,20,0.36,Not Public Information,Not Public Information,0
1063926,11/05/2022,VEGA BAJA CO.,18.4565,-66.4152,0,Heavy Rain,87.92,5.73,5.87,0.0,0.0,18.69,16.465,7,2.01,Corozo,"Corozo fine sand, 2 to 12 percent slopes",1
1063901,11/05/2022,SANTA ISABEL CO.,17.9652,-66.3764,0,Heavy Rain,96.25,19.765,0.54,0.0,0.0,5.525,39.705,5,0.77,Fe,"Fe clay, 0 to 2 percent slopes",0
1063904,11/05/2022,JUANA DIAZ CO.,17.9948,-66.4906,0,Heavy Rain,88.88,22.055,0.525,0.0,0.485,7.405,38.39,2,0.77,Fe,"Fe clay, 0 to 2 percent slopes",1
1063908,11/05/2022,NAGUABO CO.,18.2116,-65.7086,0,Heavy Rain,87.405,13.455,0.0,0.43,0.31,17.945,35.785,26,6.35,Sabana,"Sabana silty clay loam, 20 to 40 percent slopes",0
1067569,11/05/2022,LAS PIEDRAS CO.,18.2,-65.84,0,Heavy Rain,85.39,15.365,0.0,0.25,0.17,20.475,30.235,124,2.38,Mabi,"Mabi clay, 0 to 5 percent slopes, rarely flooded",1
1063917,11/05/2022,LAS PIEDRAS CO.,18.2059,-65.8475,0,Heavy Rain / Burn Area,85.39,15.365,0.0,0.25,0.17,20.475,30.235,108,2.13,Cayagua,"Cayagua sandy loam, 5 to 12 percent slopes, eroded",1
1063919,11/05/2022,CAGUAS CO.,18.2299,-66.0401,0,Heavy Rain,85.545,9.25,0.0,0.18,0.2,20.81,26.98,72,1.32,Urban land,"Urban land-Vega Alta complex, 2 to 12 percent slopes",1
1063923,11/05/2022,SALINAS CO.,17.9785,-66.3,0,Heavy Rain,96.25,19.765,0.54,0.0,0.0,5.525,39.705,8,0.82,Urban land,Urban land,0
1067558,11/05/2022,FAJARDO CO.,18.3247,-65.6517,0,Heavy Rain,83.58,8.59,0.0,0.465,0.51,15.46,20.925,12,2.08,Urban land,Urban land,0
1067555,11/05/2022,VEGA BAJA CO.,18.4072,-66.37,0,Heavy Rain,92.62,4.455,1.79,0.0,0.0,17.515,13.77,81,2.43,Almirante,"Almirante clay, 2 to 5 percent slopes",1
1067479,11/05/2022,JUANA DIAZ CO.,18.08,-66.5,0,Heavy Rain,105.805,19.43,1.03,0.0,3.385,11.895,34.665,78,2.08,Urban land,"Urban land-Montegrande complex, 2 to 12 percent slopes",1
1067480,11/05/2022,RINCON CO.,18.3254,-67.2498,0,Heavy Rain,71.725,13.07,0.92,1.47,3.33,1.385,15.495,14,2.38,Water> 40 acres,Water > 40 acres,1
1067481,11/05/2022,FAJARDO CO.,18.3345,-65.6416,0,Heavy Rain,83.58,8.59,0.0,0.465,0.51,15.46,20.925,10,3.19,Vega Alta,"Vega Alta silty clay loam, 5 to 12 percent slopes",0
1067483,11/05/2022,VEGA BAJA CO.,18.4571,-66.4137,0,Heavy Rain,87.92,5.73,5.87,0.0,0.0,18.69,16.465,9,2.34,Corozo,"Corozo fine sand, 2 to 12 percent slopes",1
1067482,11/05/2022,VEGA BAJA CO.,18.4463,-66.4075,0,Heavy Rain,87.92,5.73,5.87,0.0,0.0,18.69,16.465,12,2.01,Urban land,Urban land,1
1067484,11/05/2022,SALINAS CO.,17.98,-66.23,0,Heavy Rain,94.26,22.18,0.245,0.0,0.0,4.325,44.285,11,0.58,Paso Seco,"Paso Seco clay, 0 to 5 percent slopes",0
1067486,11/05/2022,VEGA ALTA CO.,18.4006,-66.3476,0,Heavy Rain,92.62,4.455,1.79,0.0,0.0,17.515,13.77,76,21.59,Rock outcrop,"Rock outcrop-Tanama complex, 12 to 60 percent slopes",1
1067487,11/05/2022,MANATI CO.,18.45,-66.45,0,Heavy Rain,87.92,5.73,5.87,0.0,0.0,18.69,16.465,36,7.82,Rock outcrop,"Rock outcrop-San German complex, 20 to 60 percent slopes",1
1067488,11/05/2022,CIDRA CO.,18.15,-66.11,0,Heavy Rain,90.225,11.78,0.11,0.0,0.0,19.555,30.265,423,13.15,Mucara,"Mucara clay, 40 to 60 percent slopes",1
1067489,11/05/2022,FAJARDO CO.,18.3639,-65.6304,0,Heavy Rain,83.58,8.59,0.0,0.465,0.51,15.46,20.925,45,8.27,Descalabrado,"Descalabrado-Rock land complex, 40 to 60 percent slopes",0
1067490,11/05/2022,AIBONITO CO.,18.1041,-66.2896,0,Heavy Rain,105.68,12.91,0.785,0.0,0.82,20.945,28.77,345,13.18,Caguabo,"Caguabo clay loam, 40 to 60 percent slopes",1
1067491,11/05/2022,BARCELONETA CO.,18.43,-66.53,0,Heavy Rain,92.83,5.5,2.7,0.0,0.0,11.8,17.735,10,10.66,Toa,"Toa silty clay loam, 0 to 2 percent slopes, occasionally flooded",1
1067496,11/05/2022,CAGUAS CO.,18.25,-66.07,0,Heavy Rain,85.545,9.25,0.0,0.18,0.2,20.81,26.98,95,3.94,Estacion,Estacion silty clay loam,1
